CREATE DATABASE  IF NOT EXISTS `kkt_shopking` /*!40100 DEFAULT CHARACTER SET utf8mb4 COLLATE utf8mb4_0900_ai_ci */ /*!80016 DEFAULT ENCRYPTION='N' */;
USE `kkt_shopking`;
-- MySQL dump 10.13  Distrib 8.0.31, for Win64 (x86_64)
--
-- Host: localhost    Database: kkt_shopking
-- ------------------------------------------------------
-- Server version	8.0.31

/*!40101 SET @OLD_CHARACTER_SET_CLIENT=@@CHARACTER_SET_CLIENT */;
/*!40101 SET @OLD_CHARACTER_SET_RESULTS=@@CHARACTER_SET_RESULTS */;
/*!40101 SET @OLD_COLLATION_CONNECTION=@@COLLATION_CONNECTION */;
/*!50503 SET NAMES utf8 */;
/*!40103 SET @OLD_TIME_ZONE=@@TIME_ZONE */;
/*!40103 SET TIME_ZONE='+00:00' */;
/*!40014 SET @OLD_UNIQUE_CHECKS=@@UNIQUE_CHECKS, UNIQUE_CHECKS=0 */;
/*!40014 SET @OLD_FOREIGN_KEY_CHECKS=@@FOREIGN_KEY_CHECKS, FOREIGN_KEY_CHECKS=0 */;
/*!40101 SET @OLD_SQL_MODE=@@SQL_MODE, SQL_MODE='NO_AUTO_VALUE_ON_ZERO' */;
/*!40111 SET @OLD_SQL_NOTES=@@SQL_NOTES, SQL_NOTES=0 */;

--
-- Table structure for table `admins`
--

DROP TABLE IF EXISTS `admins`;
/*!40101 SET @saved_cs_client     = @@character_set_client */;
/*!50503 SET character_set_client = utf8mb4 */;
CREATE TABLE `admins` (
  `admin_id` int NOT NULL,
  `password` varchar(256) DEFAULT NULL,
  PRIMARY KEY (`admin_id`)
) ENGINE=InnoDB DEFAULT CHARSET=utf8mb4 COLLATE=utf8mb4_0900_ai_ci;
/*!40101 SET character_set_client = @saved_cs_client */;

--
-- Dumping data for table `admins`
--

LOCK TABLES `admins` WRITE;
/*!40000 ALTER TABLE `admins` DISABLE KEYS */;
INSERT INTO `admins` VALUES (1,'JBH18USU8MX'),(2,'XMN83PST7DE'),(3,'YMB47IOS4RP'),(4,'HUF34NAD8KK'),(5,'UIF63JEL4ZC'),(6,'UNT40BHE2SJ'),(7,'YHC74JJI8SQ'),(8,'SAT84EFS2WX'),(9,'BOG55WNT3JF'),(10,'JEU26OCT0DV'),(11,'CLW67ETF7PL'),(12,'TIU18SOB0FY'),(13,'GXQ21HOV2LH'),(14,'QUW51NUM8VF'),(15,'GMI47IQV3QT'),(16,'EDX52RCT7SM'),(17,'KGP86TYE2QL'),(18,'EPT23WMJ8NH'),(19,'HKC64EQX3HS'),(20,'MWV69TWX3RY'),(21,'GBF22TXQ3LY'),(22,'PQO87CLS3AL'),(23,'IBS48UKG3BU'),(24,'CTR58WOW8OH'),(25,'KBL14QIL3VU'),(26,'GJG80WIH4AS'),(27,'VEX99VUP5YB'),(28,'UUD56OCC1XZ'),(29,'SSX56DEX2JD'),(30,'TOI84MYW2SE'),(31,'TEU53BMK0XY'),(32,'IIQ65RTF1KX'),(33,'EWT66FSI8BP'),(34,'PUE81TUQ0BF'),(35,'SMT23DMW7TL'),(36,'FQJ56AQZ3JM'),(37,'NAT38JJE8AE'),(38,'VBL57EWX8IB'),(39,'GSS74LGN3LM'),(40,'HDW18LID7RK'),(41,'IVK42RLG3KQ'),(42,'YGO10LVI3KJ'),(43,'RQL31MPQ4RS'),(44,'BKR17JFG4GG'),(45,'IEL61UTR8JT'),(46,'RHL24ZUX8QE'),(47,'LHV02ROQ5XH'),(48,'XGK57ZZE1BD'),(49,'MBM76BVA3OH'),(50,'XOO71YJN6VL'),(51,'KFM81GGM6JW'),(52,'KCJ34VPB4MM'),(53,'PXN77AHK7CN'),(54,'XRT24RFB8AI'),(55,'BHT58VRK9AJ'),(56,'FSX30IEY2HW'),(57,'HWB74DYY2KM'),(58,'BCU02LOL5RW'),(59,'WHL78YPJ3TM'),(60,'NMF14BZS7GE'),(61,'IZH13OUX0PG'),(62,'EAQ49HWX2FH'),(63,'LEU69BWM7DA'),(64,'INR25PIZ3OZ'),(65,'VRN11CUO2HJ'),(66,'CYR09CKC3GH'),(67,'QPM71DKZ6MX'),(68,'SCF74VFC4KF'),(69,'OIY88PGG6PJ'),(70,'KDG05VLA5BQ'),(71,'IMX13MIH4VY'),(72,'QOV34RGG7KV'),(73,'AIN52WDE1OY'),(74,'JTF77OIB3NP'),(75,'OWP30UBK0CR'),(76,'VNE72MCK2YL'),(77,'LOB87HIO5WF'),(78,'LXM27RKJ5FX'),(79,'YIT62NPK9ON'),(80,'OSD15LXB5OD'),(81,'WIJ38CVF1RS'),(82,'IKQ58TSE2LO'),(83,'XKH49XDA8FG'),(84,'LYA47UKM5IB'),(85,'VDB35ELN1QO'),(86,'BJG63WPY6VE'),(87,'RGH36QGC0RU'),(88,'NQR80VQG1BQ'),(89,'IHU85DDI3EO'),(90,'NIE17XOX0VA'),(91,'EOX83JYM7JD'),(92,'KAN58TDL3EA'),(93,'OSS55FBG1KA'),(94,'LJR58TYB2SS'),(95,'ZTR91TZK4QQ'),(96,'ELT52QWB8YC'),(97,'LCW84IOT6NG'),(98,'SDP18MON9OU'),(99,'XIC16WSW4HV'),(100,'JRK18FGC0BV');
/*!40000 ALTER TABLE `admins` ENABLE KEYS */;
UNLOCK TABLES;

--
-- Table structure for table `cart`
--

DROP TABLE IF EXISTS `cart`;
/*!40101 SET @saved_cs_client     = @@character_set_client */;
/*!50503 SET character_set_client = utf8mb4 */;
CREATE TABLE `cart` (
  `cart_ID` int NOT NULL,
  `total_price` decimal(10,2) DEFAULT NULL,
  `customer_ID` int NOT NULL,
  `order_ID` int DEFAULT NULL,
  PRIMARY KEY (`cart_ID`),
  KEY `customer_ID` (`customer_ID`),
  CONSTRAINT `cart_ibfk_1` FOREIGN KEY (`customer_ID`) REFERENCES `customers` (`customer_ID`)
) ENGINE=InnoDB DEFAULT CHARSET=utf8mb4 COLLATE=utf8mb4_0900_ai_ci;
/*!40101 SET character_set_client = @saved_cs_client */;

--
-- Dumping data for table `cart`
--

LOCK TABLES `cart` WRITE;
/*!40000 ALTER TABLE `cart` DISABLE KEYS */;
INSERT INTO `cart` VALUES (1,1585.00,1,1),(2,894.00,2,2),(3,461.00,3,3),(4,65.00,4,4),(5,65.00,5,5),(6,540.00,6,6),(7,65.00,7,7),(8,65.00,8,8),(9,177.00,9,9),(10,1197.00,10,10),(11,461.00,11,11),(12,605.00,12,12),(13,243.92,13,13),(14,4904.80,14,14),(15,745.04,15,15),(16,65.00,16,16),(17,65.00,17,17),(18,270.00,18,18),(19,215.00,19,19),(20,65.00,20,20),(21,741.00,21,21),(22,505.00,22,22),(23,535.00,23,23),(24,65.00,24,24),(25,65.00,25,25),(26,65.00,26,26),(27,581.00,27,27),(28,405.00,28,28),(29,595.00,29,29),(30,165.00,30,30),(31,151.00,31,31),(32,65.00,32,32),(33,95.00,33,33),(34,545.00,34,34),(35,1365.00,35,35),(36,415.00,36,36),(37,1765.00,37,37),(38,175.00,38,38),(39,905.00,39,39),(40,2892.22,40,40),(41,65.00,41,41),(42,65.00,42,42),(43,65.00,43,43),(44,227.00,44,44),(45,628.10,45,45),(46,65.00,46,46),(47,281.00,47,47),(48,65.00,48,48),(49,65.00,49,49),(50,125.00,50,50),(51,920.74,51,51),(52,65.00,52,52),(53,65.00,53,53),(54,1201.00,54,54),(55,155.00,55,55),(56,65.00,56,56),(57,65.00,57,57),(58,125.00,58,58),(59,170.00,59,59),(60,65.00,60,60),(61,845.00,61,61),(62,1235.00,62,62),(63,625.00,63,63),(64,245.00,64,64),(65,65.00,65,65),(66,65.00,66,66),(67,2735.00,67,67),(68,65.00,68,68),(69,357.00,69,69),(70,392.00,70,70),(71,260.00,71,71),(72,1209.00,72,72),(73,359.00,73,73),(74,65.00,74,74),(75,470.00,75,75),(76,65.00,76,76),(77,65.00,77,77),(78,674.00,78,78),(79,65.00,79,79),(80,159.00,80,80),(81,315.00,81,81),(82,535.00,82,82),(83,350.00,83,83),(84,65.00,84,84),(85,742.00,85,85),(86,65.00,86,86),(87,89.00,87,87),(88,345.00,88,88),(89,1701.00,89,89),(90,153.00,90,90),(91,185.00,91,91),(92,65.00,92,92),(93,1096.00,93,93),(94,260.00,94,94),(95,285.00,95,95),(96,65.00,96,96),(97,227.00,97,97),(98,65.00,98,98),(99,698.00,99,99),(100,65.00,100,100);
/*!40000 ALTER TABLE `cart` ENABLE KEYS */;
UNLOCK TABLES;

--
-- Table structure for table `category`
--

DROP TABLE IF EXISTS `category`;
/*!40101 SET @saved_cs_client     = @@character_set_client */;
/*!50503 SET character_set_client = utf8mb4 */;
CREATE TABLE `category` (
  `cat_ID` int NOT NULL,
  `name` varchar(256) NOT NULL,
  `description` varchar(256) NOT NULL,
  PRIMARY KEY (`cat_ID`),
  UNIQUE KEY `name` (`name`)
) ENGINE=InnoDB DEFAULT CHARSET=utf8mb4 COLLATE=utf8mb4_0900_ai_ci;
/*!40101 SET character_set_client = @saved_cs_client */;

--
-- Dumping data for table `category`
--

LOCK TABLES `category` WRITE;
/*!40000 ALTER TABLE `category` DISABLE KEYS */;
INSERT INTO `category` VALUES (1,'vegetables and fruits','All types of vegetables and fruit'),(2,'Dairy','Milk, cheese, paneer etc'),(3,'Cold drink & juices','Cola , pepsi ,mix fruit juices etc'),(4,'Snacks','Instant food , chips , etc '),(5,'Bakery ','Bicuits and bread'),(6,'Sweets ','Chocolates and sweets'),(7,' Non - Veg','Chicken ,Meat and fish'),(8,' cleaning essentials',' cleaning Soap, detergent ,floor cleaner, etc'),(9,' personal care',' Soap, shampoo, etc'),(10,' Daily ',' pulses,tea coffee etx etc');
/*!40000 ALTER TABLE `category` ENABLE KEYS */;
UNLOCK TABLES;

--
-- Table structure for table `contain`
--

DROP TABLE IF EXISTS `contain`;
/*!40101 SET @saved_cs_client     = @@character_set_client */;
/*!50503 SET character_set_client = utf8mb4 */;
CREATE TABLE `contain` (
  `cart_ID` int DEFAULT NULL,
  `prod_ID` int DEFAULT NULL,
  `quantity` int DEFAULT NULL,
  KEY `cart_ID` (`cart_ID`),
  KEY `prod_ID` (`prod_ID`),
  CONSTRAINT `contain_ibfk_1` FOREIGN KEY (`cart_ID`) REFERENCES `cart` (`cart_ID`),
  CONSTRAINT `contain_ibfk_2` FOREIGN KEY (`prod_ID`) REFERENCES `products` (`prod_ID`)
) ENGINE=InnoDB DEFAULT CHARSET=utf8mb4 COLLATE=utf8mb4_0900_ai_ci;
/*!40101 SET character_set_client = @saved_cs_client */;

--
-- Dumping data for table `contain`
--

LOCK TABLES `contain` WRITE;
/*!40000 ALTER TABLE `contain` DISABLE KEYS */;
INSERT INTO `contain` VALUES (18,127,2),(18,157,1),(82,102,2),(37,101,5),(89,145,2),(80,195,2),(82,152,3),(94,174,3),(44,113,3),(72,141,5),(61,199,5),(83,102,3),(99,185,3),(91,137,1),(54,189,2),(10,116,4),(22,198,2),(31,123,2),(9,178,1),(45,191,2),(30,145,2),(78,195,3),(72,114,3),(40,145,3),(1,194,4),(40,156,3),(71,105,3),(6,102,5),(39,143,3),(73,116,3),(51,156,1),(81,129,5),(21,131,2),(29,182,1),(19,129,3),(35,138,5),(23,182,1),(36,197,1),(54,110,2),(50,183,3),(11,163,4),(1,112,2),(78,113,2),(69,169,4),(34,144,2),(90,178,4),(40,117,2),(62,177,2),(75,165,3),(15,148,2),(2,193,5),(89,154,3),(45,128,2),(93,143,2),(95,198,1),(29,126,2),(9,126,3),(70,111,3),(2,124,4),(28,141,2),(89,144,4),(12,165,4),(2,119,3),(59,177,1),(85,147,2),(14,175,5),(10,147,1),(63,127,1),(3,163,4),(78,112,3),(23,101,1),(33,135,1),(69,191,2),(85,108,3),(97,113,3),(13,190,1),(88,143,1),(29,122,2),(10,147,2),(47,113,4),(2,177,1),(87,136,1),(62,194,3),(10,105,4),(64,109,1),(55,135,3),(14,195,4),(36,184,2),(27,167,4),(58,135,2),(83,126,4),(6,181,2),(93,107,3),(67,189,5),(27,180,2),(63,182,4),(89,106,3),(38,117,2),(1,105,1),(2,105,1),(3,105,1),(4,105,1),(5,105,1),(6,105,1),(7,105,1),(8,105,1),(9,105,1),(10,105,1),(11,105,1),(12,105,1),(13,105,1),(14,105,1),(15,105,1),(16,105,1),(17,105,1),(18,105,1),(19,105,1),(20,105,1),(21,105,1),(22,105,1),(23,105,1),(24,105,1),(25,105,1),(26,105,1),(27,105,1),(28,105,1),(29,105,1),(30,105,1),(31,105,1),(32,105,1),(33,105,1),(34,105,1),(35,105,1),(36,105,1),(37,105,1),(38,105,1),(39,105,1),(40,105,1),(41,105,1),(42,105,1),(43,105,1),(44,105,1),(45,105,1),(46,105,1),(47,105,1),(48,105,1),(49,105,1),(50,105,1),(51,105,1),(52,105,1),(53,105,1),(54,105,1),(55,105,1),(56,105,1),(57,105,1),(58,105,1),(59,105,1),(60,105,1),(61,105,1),(62,105,1),(63,105,1),(64,105,1),(65,105,1),(66,105,1),(67,105,1),(68,105,1),(69,105,1),(70,105,1),(71,105,1),(72,105,1),(73,105,1),(74,105,1),(75,105,1),(76,105,1),(77,105,1),(78,105,1),(79,105,1),(80,105,1),(81,105,1),(82,105,1),(83,105,1),(84,105,1),(85,105,1),(86,105,1),(87,105,1),(88,105,1),(89,105,1),(90,105,1),(91,105,1),(92,105,1),(93,105,1),(94,105,1),(95,105,1),(96,105,1),(97,105,1),(98,105,1),(99,105,1),(100,105,1);
/*!40000 ALTER TABLE `contain` ENABLE KEYS */;
UNLOCK TABLES;
/*!50003 SET @saved_cs_client      = @@character_set_client */ ;
/*!50003 SET @saved_cs_results     = @@character_set_results */ ;
/*!50003 SET @saved_col_connection = @@collation_connection */ ;
/*!50003 SET character_set_client  = utf8mb4 */ ;
/*!50003 SET character_set_results = utf8mb4 */ ;
/*!50003 SET collation_connection  = utf8mb3_general_ci */ ;
/*!50003 SET @saved_sql_mode       = @@sql_mode */ ;
/*!50003 SET sql_mode              = 'NO_AUTO_VALUE_ON_ZERO' */ ;
DELIMITER ;;
/*!50003 CREATE*/ /*!50017 DEFINER=`root`@`localhost`*/ /*!50003 TRIGGER `upd_cart` AFTER INSERT ON `contain` FOR EACH ROW BEGIN
UPDATE cart
SET total_price = (
	SELECT SUM(p.price*c.quantity)
	FROM contain c
	JOIN products p 
	ON p.prod_ID = c.prod_ID
	WHERE c.cart_ID = new.cart_ID)
WHERE cart_ID = new.cart_ID;
END */;;
DELIMITER ;
/*!50003 SET sql_mode              = @saved_sql_mode */ ;
/*!50003 SET character_set_client  = @saved_cs_client */ ;
/*!50003 SET character_set_results = @saved_cs_results */ ;
/*!50003 SET collation_connection  = @saved_col_connection */ ;

--
-- Table structure for table `customers`
--

DROP TABLE IF EXISTS `customers`;
/*!40101 SET @saved_cs_client     = @@character_set_client */;
/*!50503 SET character_set_client = utf8mb4 */;
CREATE TABLE `customers` (
  `customer_ID` int NOT NULL AUTO_INCREMENT,
  `name` varchar(256) NOT NULL,
  `email` varchar(256) DEFAULT NULL,
  `login_ID` varchar(256) NOT NULL,
  `password` varchar(256) NOT NULL,
  `sector` varchar(256) NOT NULL,
  `city` varchar(256) NOT NULL,
  `state` varchar(256) NOT NULL,
  `pincode` int NOT NULL DEFAULT '0',
  `phone` varchar(20) NOT NULL DEFAULT '100000000',
  PRIMARY KEY (`customer_ID`),
  UNIQUE KEY `email` (`email`)
) ENGINE=InnoDB AUTO_INCREMENT=501 DEFAULT CHARSET=utf8mb4 COLLATE=utf8mb4_0900_ai_ci;
/*!40101 SET character_set_client = @saved_cs_client */;

--
-- Dumping data for table `customers`
--

LOCK TABLES `customers` WRITE;
/*!40000 ALTER TABLE `customers` DISABLE KEYS */;
INSERT INTO `customers` VALUES (1,'Moana Mendoza','sollicitudin@aol.com','OCN71QKK2YB','NHY46ICL5SB','2144 Mattis Ave','Silvassa','Gujarat',613453,'(152) 346-4753'),(2,'Nasim Hartman','bibendum.ullamcorper@icloud.net','BSL10MWT8QZ','BKD28LHJ1KW','496-819 Interdum Rd.','Ranchi','Chhattisgarh',422387,'(263) 244-0129'),(3,'Bruno Phillips','lacus@aol.org','YYN63XIK5UE','LOB91KBQ7LW','7052 Mauris Ave','Agartala','Bihar',730466,'(883) 118-2551'),(4,'Camille O\'Neill','molestie.tortor@aol.com','WUW32UHM7NP','UAD66MIO3JQ','624-6951 Donec Rd.','Farrukhabad-cum-Fatehgarh','Delhi',997661,'(303) 852-8679'),(5,'Dane Solomon','erat.vel@aol.com','PFW36CVD4FG','JCJ02WJF4RF','513-8192 Fringilla, Street','Kohima','Mizoram',341438,'(670) 591-1850'),(6,'Mariam Petty','mauris.aliquam@icloud.com','YHD31IGF2BJ','XZM16NVG6BV','782-9817 Convallis Ave','Sambalpur','Pondicherry',764649,'(385) 287-1256'),(7,'Reece Levine','libero.lacus@aol.ca','VJJ61FLN0EF','NMR69YZC3LO','Ap #894-8866 Sapien. Rd.','Bidar','Maharastra',868853,'(283) 873-5737'),(8,'Alfreda Campos','lorem.ac@yahoo.com','XSR87YMN2FB','YIP10IOU2IK','931-5485 Nonummy St.','Shillong','Odisha',723213,'(482) 401-5531'),(9,'Angela Pearson','aenean.sed.pede@outlook.com','FHJ85ORG2UG','EGH42PJT9HH','Ap #334-9157 Porttitor Avenue','Kohima','Arunachal Pradesh',689415,'(636) 125-3812'),(10,'Brenda Tate','etiam.vestibulum.massa@google.com','BGW43WLR6LN','JRB24BJJ6KK','605-3610 Congue Street','Daman','Andaman and Nicobar Islands',366837,'(645) 437-3612'),(11,'Brett Sargent','curae@aol.net','WIS79OQS3AB','PMY39VMF9LJ','P.O. Box 587, 902 Rutrum Ave','Panjim','Uttarakhand',451834,'(541) 894-5031'),(12,'Avram Aguilar','morbi@hotmail.edu','EIY98HXM4CO','KIM88TNE2IH','721-4371 Adipiscing Avenue','Shillong','Jharkhand',222407,'(565) 846-1261'),(13,'Brock Cooke','nunc@yahoo.couk','YNJ71EHH7GR','XFH96GZQ1IX','8335 Curabitur Street','Panjim','Kerala',790163,'(765) 205-8022'),(14,'Carissa Guthrie','blandit@outlook.edu','PHB17BOR2GQ','NAV97IPG8CB','579-8165 Parturient Rd.','Saharanpur','Chandigarh',565705,'(571) 500-0532'),(15,'Berk Crane','donec.porttitor@icloud.org','VEX76BDB2YP','AQZ73TWP9GZ','824-9323 Nullam Avenue','Haridwar','Lakshadweep',225195,'(285) 196-1873'),(16,'Beck Barber','aliquam.eu@protonmail.net','WBR71IZA7WX','FJH66FLM7RW','P.O. Box 726, 3469 Metus St.','Kavaratti','Sikkim',316281,'(573) 341-6458'),(17,'Kirk Mccarty','orci@protonmail.com','GHC31LUW5VU','GST85EVL4UM','3874 Integer Av.','Sirsa','West Bengal',244368,'(770) 542-2665'),(18,'Perry Sharp','pede.blandit@hotmail.edu','RRV84SIY5AB','AIV34GPZ5XR','4348 Enim Avenue','Bahraich','Tripura',431745,'(943) 869-4464'),(19,'Ava Dickerson','mus.proin@outlook.couk','FIP63CSI3VH','ERX33PAI1FA','9489 Sed St.','Port Blair','Madhya Pradesh',417478,'(872) 953-7765'),(20,'Michael Hoover','diam@yahoo.edu','IJW64VGP7FJ','FCC15OHF8IE','326-813 Posuere, St.','Fatehpur','Lakshadweep',632112,'(377) 658-7131'),(21,'Sade Holcomb','consectetuer@google.couk','HRP12FMJ3WH','LTG99IJN3KL','140-4834 Morbi Ave','Aizwal','Delhi',682679,'(241) 343-9360'),(22,'Howard Lee','nulla@hotmail.org','WZN04YFP6HK','AGA38UHG2XX','9974 Imperdiet, Rd.','Kota','Jharkhand',312181,'(558) 253-6918'),(23,'Kirk Webster','ultrices.duis.volutpat@protonmail.com','FCX86QYY7HK','FYK81MJZ2AB','959-736 Montes, Av.','Bharatpur','Jammu and Kashmir',108839,'(292) 407-6186'),(24,'Dora Yates','ultrices.posuere@yahoo.edu','QYE93KQJ4TO','BTK73OKW4EJ','754-665 Vel St.','Rae Bareli','Andaman and Nicobar Islands',393237,'(692) 457-9045'),(25,'Ryan Ramirez','sagittis.placerat.cras@hotmail.com','AVJ73PNT3ST','TQM96EME3MI','P.O. Box 578, 3131 Urna Rd.','Shimoga','Tamil Nadu',315751,'(414) 648-8516'),(26,'Damian Monroe','non.enim@yahoo.edu','YOA40DQY0GJ','VCM53NQD5NB','Ap #344-6570 Donec Rd.','Hisar','Haryana',796786,'(572) 835-4431'),(27,'Mara Dalton','id.mollis@aol.com','LCV44TME7WK','RYG31RUG3VJ','795 Proin Rd.','Pilibhit','Lakshadweep',164464,'(153) 883-1033'),(28,'Gemma Adkins','nunc@hotmail.com','KUV37UUQ5GS','MEN44KDI2MI','Ap #914-8539 Varius. Road','Port Blair','Jharkhand',573696,'(892) 815-9327'),(29,'Medge Singleton','felis@hotmail.couk','VJI67FUN2AV','HXM93BDM1GJ','Ap #439-1044 Non, St.','Yamuna Nagar','Uttarakhand',570516,'(349) 666-0245'),(30,'Nissim Mckenzie','tincidunt.dui@icloud.edu','EKX67RMX3EC','VHH31YDQ4CX','Ap #844-7979 Ultricies Avenue','Dewas','Tripura',729524,'(877) 633-2742'),(31,'Damian Francis','interdum.ligula.eu@aol.edu','CCI88GRM2PO','VWX75VNE5NN','380-5537 Dui, Av.','Baidyabati','Lakshadweep',231683,'(847) 831-8353'),(32,'Ignacia Delacruz','ornare.tortor.at@hotmail.edu','PQW30JAE7UH','HFF28JKN2XQ','P.O. Box 985, 5551 Scelerisque Rd.','Vadodara','Dadra and Nagar Haveli',597811,'(416) 752-4749'),(33,'William Joyce','non.hendrerit.id@hotmail.couk','DGL48QGF8UN','ZMX12DQY7RE','871-5149 Senectus Avenue','Shimla','Daman and Diu',279588,'(439) 462-7416'),(34,'Jesse Vaughan','metus@aol.com','SWK74ULK2HR','NJQ83ZQS1EG','P.O. Box 109, 199 Arcu. Avenue','Cochin','Himachal Pradesh',497518,'(326) 568-2583'),(35,'Keegan Snow','arcu.morbi.sit@protonmail.ca','OLI25VHE2YZ','UVM64SKQ4TH','176-754 Cursus. Road','Aizwal','Pondicherry',425967,'(547) 832-3428'),(36,'Kibo Joyner','nec@icloud.net','IJB53JNN5ME','WVK38QEK8VJ','Ap #114-2011 Mollis Ave','Parbhani','Himachal Pradesh',541667,'(556) 362-7470'),(37,'Odessa Talley','enim.suspendisse.aliquet@icloud.com','NUF13PGL8MP','RVR63OJX2JK','Ap #267-9681 Ipsum St.','Haridwar','Uttar Pradesh',383817,'(184) 618-4471'),(38,'Dolan Wilkinson','auctor.nunc@aol.org','SHC10FZP5SX','PUS55QPE7JW','735-8722 Nunc St.','Bhusawal','Jharkhand',885223,'(802) 349-5358'),(39,'Chelsea Cortez','ac.mi@icloud.couk','KDW59TVB1NH','FSF35WDH4BB','Ap #604-2354 Et, Rd.','Sikar','Manipur',487046,'(415) 273-8784'),(40,'Tobias Simmons','velit.cras@aol.com','AFX47CCO3WH','YTD67ZOD3LD','180-4551 Mauris Av.','Daman','Andhra Pradesh',688914,'(957) 693-0294'),(41,'Sonya Mills','amet@icloud.com','TNJ19YTP1LL','LPM17KSC4JX','P.O. Box 612, 3485 Natoque Rd.','Itanagar','Goa',275024,'(525) 553-3562'),(42,'Kennan Vaughn','sed@google.couk','PKL45ZVY4LH','VQR82CCK8IS','Ap #788-6240 Nullam Avenue','Itanagar','West Bengal',447836,'(648) 224-7927'),(43,'Mollie Burnett','pellentesque@outlook.net','HQX73DGQ0ST','ZVS67GIP9ZM','682-8157 Risus Avenue','Panjim','Meghalaya',641842,'(707) 910-2228'),(44,'Damon Cole','fringilla.ornare@hotmail.edu','DHX73PKH8WI','WJS72FJT7GY','331-6613 Scelerisque Rd.','Trivandrum','Mizoram',538336,'(326) 419-6456'),(45,'Desiree Calderon','in.condimentum@aol.ca','WIK55QLF2UY','HQT85BJK8EZ','294-991 Quam, Street','Sagar','Delhi',871626,'(325) 833-3920'),(46,'Caleb Castro','semper.pretium@icloud.ca','HLL71QDI3SK','UXM73WTQ5HZ','P.O. Box 573, 7377 Vel Rd.','Port Blair','Mizoram',238547,'(477) 877-7813'),(47,'Alden Mckee','in.magna.phasellus@icloud.com','DNH11FSP6RP','NKC96VNK7TX','223-2148 Phasellus Rd.','Gangtok','Assam',852215,'(383) 655-6956'),(48,'Naomi Knowles','posuere@protonmail.ca','HWR77SAI7MX','TSH36RUM3LG','Ap #848-3076 Nulla Rd.','Ujjain','Sikkim',344882,'(835) 644-8318'),(49,'Jonas Le','a@protonmail.org','HEO40XYP7IQ','HQI29FSC4QY','315-3742 Donec Road','Delhi','Punjab',413233,'(418) 355-6014'),(50,'May Valentine','molestie.tortor@yahoo.edu','TEF18VXP5XH','XOC75PHK6CJ','227-7335 Pellentesque Ave','Hathras','Kerala',567727,'(219) 941-7211'),(51,'Lana Richardson','ut.lacus.nulla@aol.couk','ODQ66EQP8FO','PCH89ZPW9MJ','512-2166 Cursus. Ave','Gangtok','Kerala',282401,'(811) 105-9890'),(52,'Colin Berry','orci.donec.nibh@hotmail.edu','JER63BKW1QG','RRD28UCJ1OU','Ap #113-2722 Non, St.','Shillong','West Bengal',247661,'(855) 828-9756'),(53,'Tyler Dickerson','nibh.aliquam@protonmail.net','QJK49HSS6GR','PAY14GFE8VO','2545 Enim, Rd.','Shivapuri','Daman and Diu',747127,'(855) 254-7528'),(54,'Suki Armstrong','turpis.aliquam@hotmail.org','RHM17MIC2WS','RKP03KJD5GX','647-7667 Eget Street','Kohima','Nagaland',336802,'(466) 483-6475'),(55,'Renee Kent','faucibus@hotmail.com','UET78OEA6LG','JHD46IHW3ZO','Ap #887-4800 Fermentum Av.','Itanagar','Bihar',234594,'(717) 451-3013'),(56,'Pandora Conner','dapibus.ligula.aliquam@protonmail.org','LXO86PZK8MY','DSG83FVQ8ZF','7593 Ultricies Road','Agartala','Uttarakhand',922848,'(555) 138-3442'),(57,'Stewart Weaver','nunc.ullamcorper.eu@yahoo.ca','CAO44CSU4LH','GYF42RAM7FE','680-9597 Consectetuer Ave','Gandhinagar','Punjab',417634,'(530) 216-5110'),(58,'Julie Barrett','nisl.arcu@google.couk','YDR31YOE1SM','REN52FWP6BQ','745-5484 Montes, Road','Agartala','Manipur',728693,'(788) 394-3527'),(59,'Melanie Bowers','dignissim@aol.ca','LJR44INO3YB','SVL76WOL9FW','895-6493 Sed Avenue','Bilaspur','Nagaland',988705,'(988) 482-1699'),(60,'Dolan Townsend','mauris.vel.turpis@hotmail.edu','FNI33PCY9EY','LPD83OGJ0TB','930-4916 Purus Ave','Haridwar','Andhra Pradesh',776031,'(860) 366-7548'),(61,'Gail Prince','mi.lacinia@yahoo.edu','ZOJ93WDU2VU','GST68WOJ9OF','P.O. Box 397, 6221 Lacus. St.','Agartala','Lakshadweep',854397,'(464) 566-7061'),(62,'Luke Randolph','non.cursus.non@aol.edu','AKN23ADG7AX','QMX03UPC1EQ','969-5986 Curae Av.','Gangtok','Andaman and Nicobar Islands',332689,'(251) 246-3457'),(63,'Aaron Branch','dictum.eu@hotmail.com','JJG70VKS9FF','GSF17QLP4GA','6660 Tempus Street','Korba','Karnataka',353661,'(818) 527-3288'),(64,'Aurelia Hardin','ante.bibendum@aol.couk','OGN91UCN4EY','IKT72SPK1XQ','4169 Diam Rd.','Srinagar','Andaman and Nicobar Islands',575421,'(487) 769-4885'),(65,'Driscoll Leach','non@hotmail.ca','QEL41JOD4NA','RZN87WKT4IL','Ap #422-4612 Sed Street','Ajmer','Pondicherry',259086,'(913) 851-3836'),(66,'Gary Walton','tincidunt.congue@outlook.couk','MQT08MKO0LC','JIU50LPZ1KU','Ap #689-8442 Amet St.','Port Blair','Rajasthan',813561,'(881) 556-9841'),(67,'Gretchen Ford','penatibus.et@icloud.couk','WSR72VNM4BC','WXW31NWE7GY','P.O. Box 409, 6227 Accumsan St.','Kavaratti','Lakshadweep',527244,'(218) 263-4658'),(68,'Mira Roach','donec.consectetuer@google.ca','GIT59NBF3GC','VYV74EYX5WI','2265 Non, Ave','Agartala','Karnataka',282315,'(240) 212-0740'),(69,'Courtney Lang','luctus@hotmail.net','IUM70PXJ2XG','PBD05MPH2MG','5079 Aliquam Street','Srinagar','Jammu and Kashmir',553277,'(646) 575-7532'),(70,'Dolan Erickson','nec.orci.donec@aol.couk','HYN54HNN2XE','SIZ81JZJ7RZ','309-1644 Congue. Ave','Gurgaon','Himachal Pradesh',673098,'(125) 835-2445'),(71,'Paloma Duffy','vitae.risus@hotmail.com','OKK81KFE9HM','MVF69CYA8OE','1149 Blandit Avenue','Yeotmal','Delhi',895103,'(881) 826-3841'),(72,'Peter Savage','fringilla@hotmail.com','MLB56GPG1BJ','VTA65XIS1ND','945-8235 Amet, Road','Cochin','Bihar',926466,'(535) 317-7646'),(73,'Dustin Kelley','parturient.montes@aol.edu','GIT96HWS4OG','VFG76FZD5WL','811-5346 Hendrerit St.','Shillong','Karnataka',207765,'(870) 775-9034'),(74,'Ruth Matthews','congue.in@yahoo.org','VVJ82DLC8DV','UKJ35GSY1UO','267-6420 Magna Rd.','Munger','Pondicherry',315979,'(735) 275-9103'),(75,'Ferris Watts','mattis@outlook.com','VXD54BFW6IC','YIF37LCL7ZD','1597 Tincidunt, St.','Srinagar','Karnataka',385301,'(579) 667-1181'),(76,'India Skinner','ullamcorper.duis@outlook.edu','XVG67MPN9HC','WIH93UBX3IY','4130 Ut Ave','South Dum Dum','Arunachal Pradesh',678160,'(411) 218-8783'),(77,'Lev Stephens','amet.risus@icloud.edu','ZSO97BHH7IV','EDL81WRJ3KJ','482-9553 Et Ave','Shillong','Tripura',603355,'(609) 834-2806'),(78,'Silas Erickson','nunc.pulvinar.arcu@hotmail.net','NDA40UGV8YN','XTY64IJQ7QJ','400-1984 Risus. Street','Pondicherry','Sikkim',273692,'(281) 701-3397'),(79,'Hoyt Gillespie','magna.sed.eu@hotmail.org','BNF07EEL7VU','OHV04BMB3YO','190-5553 Dolor Rd.','Chennai','Gujarat',939477,'(286) 846-3571'),(80,'Arden Montoya','nibh@hotmail.org','KSM67XZD0DD','IXW64HDN5BU','P.O. Box 321, 4399 Vitae Avenue','Tirunelveli','Chhattisgarh',927978,'(248) 740-5559'),(81,'Caleb Garner','aliquam@google.com','CJU24KMO2RL','QWW11FXN8IE','Ap #582-7839 Vulputate, Street','Ambala Sadar','Jharkhand',316144,'(433) 854-6151'),(82,'Carly Jacobs','at@yahoo.org','IJH15KVQ9VT','LHX83IRX1HH','1001 In Street','Korba','Jammu and Kashmir',180401,'(361) 817-3735'),(83,'Zenia Garza','aenean.egestas@hotmail.com','HST83HXG9UC','WDK46WRD7EV','110-8661 Turpis. St.','Nashik','Bihar',251251,'(340) 555-2365'),(84,'Elijah Berger','nibh.vulputate@icloud.ca','PCM88OYT8UP','CYE71OAO5NM','298-1718 Non, Rd.','Agartala','Dadra and Nagar Haveli',621722,'(332) 642-2247'),(85,'Kasper Roy','et.netus@google.com','NUY38VTT3IN','HFW18KNR8UE','Ap #570-9071 Urna. Av.','Gadag Betigeri','Gujarat',744575,'(521) 856-1235'),(86,'Martha Lynn','vehicula@hotmail.net','LME44HWT1JO','DVI66XSW8CD','334-368 Orci Ave','Kohima','Arunachal Pradesh',318828,'(967) 537-8578'),(87,'Macaulay Dominguez','dolor@icloud.net','HHM52LAH8MH','HXR92EFX6XB','1810 Porttitor Rd.','Chittoor','Manipur',917678,'(307) 661-1121'),(88,'Arthur Jacobson','pretium.et.rutrum@protonmail.org','XGD15TFM7PA','CGF26BAO8IO','P.O. Box 834, 5972 Iaculis Road','Karimnagar','Punjab',852478,'(204) 179-6227'),(89,'Debra Barry','vehicula.pellentesque@protonmail.org','WBO69CPP5UZ','RJD01QDK1WK','729-2149 Porttitor Road','Champdani','Andhra Pradesh',963583,'(659) 542-5185'),(90,'Naida Banks','ut.cursus@icloud.ca','BSR97FDR9DB','EBR48KMR5MG','Ap #818-3401 Nec Ave','Panjim','Chandigarh',827574,'(657) 364-4253'),(91,'Keefe Langley','arcu.iaculis@google.couk','DDD52PDJ2XG','YBE33XFN4YU','Ap #965-451 Quis Street','Port Blair','Maharastra',431831,'(219) 265-5927'),(92,'William Faulkner','sapien.gravida@google.net','WJC44XNA4RQ','WBO86JIT8GE','P.O. Box 679, 4089 Dictum Rd.','Panjim','West Bengal',517287,'(463) 245-2512'),(93,'Malachi Underwood','sed.nulla@yahoo.net','TKM22SCV5FQ','KYE53GCJ1MQ','Ap #218-4826 Pellentesque Ave','Port Blair','Maharastra',512664,'(769) 853-8554'),(94,'Griffith Mack','consectetuer.mauris@protonmail.com','OGN86RFB7BD','OMN85DCJ8EP','P.O. Box 822, 2028 Integer Avenue','Bhusawal','Kerala',832578,'(235) 737-8223'),(95,'Laith Steele','natoque.penatibus.et@aol.ca','ZIT25KFY8QU','BNM74GPP8MW','5676 Sem St.','Imphal','Sikkim',415177,'(423) 859-4846'),(96,'Yolanda Mccarty','velit.eget@google.org','QUQ72CNM1YA','DOQ47IQW3YR','P.O. Box 291, 2334 Condimentum Rd.','Aizwal','Lakshadweep',374678,'(738) 348-6196'),(97,'Randall Maddox','vitae@aol.edu','WIB57KLL8SY','GYG11MNM1PM','3755 Lorem St.','Sambalpur','Dadra and Nagar Haveli',197483,'(855) 875-5782'),(98,'Nathaniel Lara','sagittis.felis.donec@hotmail.ca','OPS62ZWI0KU','UCS87STY2RC','224-9862 Ligula St.','Mandya','Chandigarh',823985,'(858) 691-0755'),(99,'Ayanna Sullivan','consequat@protonmail.edu','PLJ80COO7XE','DKU27KMP8MI','334-8544 In St.','Kamoke','Daman and Diu',196627,'(615) 848-8674'),(100,'Dale Ellison','euismod@hotmail.couk','ROJ33DTX4ES','FSB81UJX4JX','Ap #840-4946 Arcu. Av.','Bihar Sharif','Rajasthan',611124,'(756) 294-7318'),(101,'Flavia Graham','nulla@google.org','MSE12TRA2MV','DFY26QDN6DF','711-6976 Magnis Av.','Purulia','Andaman and Nicobar Islands',321149,'(380) 542-4228'),(102,'Harlan Keith','semper.nam@google.com','IHU43UFI7FE','TNL80GSU2PM','Ap #498-7915 Sem St.','Kohima','Chhattisgarh',542268,'(510) 936-1344'),(103,'Jolene Leon','tincidunt.nibh@aol.edu','CXF34RXT2TV','AVQ77HTK4OY','1515 Nulla Avenue','Rajkot','Arunachal Pradesh',495148,'(743) 893-8257'),(104,'Lee Bennett','iaculis.enim@outlook.net','RIG85SSR4RF','SPS68KHM2HH','721-9519 Viverra. Av.','Agartala','Jharkhand',838400,'(317) 780-5371'),(105,'Logan Alford','quisque.fringilla@hotmail.ca','FZV73LVP8RF','YSD44TCC3IG','9550 Elementum, Avenue','Dibrugarh','Maharastra',423742,'(755) 378-2697'),(106,'Daniel Beasley','donec.feugiat.metus@icloud.ca','XJN45HAU6AR','YFE42HZL5EE','Ap #457-6793 Placerat St.','Imphal','Punjab',398928,'(204) 484-0607'),(107,'Keaton Mcintyre','convallis.est@yahoo.edu','RKO17TYO3AN','GVO38PFL6XN','1511 Nibh Street','Thanjavur','Maharastra',205863,'(674) 347-2326'),(108,'Desiree Gross','nunc.risus.varius@aol.com','GHV86XXG4WE','WAC93YHF5NT','P.O. Box 870, 7857 Pharetra St.','Pak Pattan','Karnataka',278797,'(647) 613-7394'),(109,'Elvis Bowers','ipsum.porta.elit@aol.org','KFV65LHA0SI','EXN64XYZ8HY','Ap #931-6192 Nullam Road','Delhi','Uttar Pradesh',154624,'(438) 324-3641'),(110,'Sopoline Ferrell','luctus.vulputate.nisi@google.ca','URP12SVJ8PC','BEJ36HKE5SK','2619 A St.','Silchar','Nagaland',811229,'(523) 187-1729'),(111,'Kennan Dotson','lacus@hotmail.org','EPC40KHH4LH','KSQ99WRZ2IR','532-4003 Posuere, Rd.','Aizwal','Gujarat',353880,'(304) 155-3867'),(112,'Cassidy Cantu','placerat.orci@protonmail.com','ODA84TGT8CM','NFX83JEN8YB','P.O. Box 566, 5832 Urna. Avenue','Pondicherry','Jammu and Kashmir',318268,'(114) 826-5012'),(113,'Caldwell Miles','ante@icloud.com','CNP98HZY3BA','TOI33FYI2LS','Ap #804-1300 Erat Road','Daman','Chandigarh',786656,'(840) 413-5464'),(114,'Acton Quinn','in.cursus@protonmail.edu','CSS34OGR5SR','YYK18CVZ6DN','Ap #996-6110 Vivamus Av.','Hoshiarpur','Tripura',452361,'(963) 712-9334'),(115,'Hunter Dalton','mauris@hotmail.edu','ZGH74JME5DH','QZE67RNN1JJ','829-7098 Aliquam Av.','Itanagar','Odisha',103348,'(652) 328-7115'),(116,'Ocean Chen','sem.vitae@hotmail.net','MED57BNW8XX','XUE96TLY2YE','Ap #950-5968 Mollis Av.','Delhi','Uttarakhand',757131,'(367) 833-3619'),(117,'Patrick Conway','feugiat.sed@icloud.ca','GUQ42OIK7IO','ELM23NJW6WD','Ap #328-1401 Curae Av.','Jamshedpur','Mizoram',578595,'(502) 349-4441'),(118,'Tatiana Reed','placerat.cras.dictum@aol.com','KON98BGE6MQ','AYA71HGC6OM','3522 Habitant Street','Daman','Manipur',643823,'(338) 814-3525'),(119,'Justina Simpson','imperdiet.nec@icloud.org','YMT58XOR3UQ','EIN81TDE9GY','707 In Av.','Gaya','Goa',104828,'(782) 623-4316'),(120,'Burke Baker','in.condimentum.donec@google.net','VGS18LSS5XS','JNI47PBM4ML','807-9739 Aliquet St.','Dehradun','Haryana',216354,'(919) 434-3225'),(121,'Nigel Wilkinson','proin.eget@protonmail.edu','RGK48RRW3PS','RIY53DBJ4HX','P.O. Box 810, 9314 Eros Rd.','Pallavaram','Sikkim',263468,'(521) 671-7332'),(122,'Teegan Ware','et.eros.proin@aol.edu','QHG31XSA1MM','OLG86SSH6JQ','648-9794 Tincidunt Avenue','Qutubullapur','Assam',435556,'(284) 560-2775'),(123,'Ian Howe','est.nunc@google.couk','QJH33NKM3UU','FMO75BQT2SV','1198 Mi. Rd.','Itanagar','Arunachal Pradesh',155041,'(506) 135-9597'),(124,'Zachery Jacobs','elit.elit@google.couk','COP61BDE5XX','UWN21PTB4EW','130-5417 Convallis Ave','Chandigarh','Bihar',752964,'(967) 114-6899'),(125,'Lana Clemons','blandit.at@icloud.org','HKK14BHK4MX','TQE39MKZ8SM','Ap #378-3137 Ipsum St.','Kohima','Himachal Pradesh',213169,'(171) 672-7513'),(126,'Nolan Christensen','scelerisque.scelerisque@protonmail.com','PVP77JQH5IS','YCM12JLV4CS','Ap #138-3048 Morbi Street','Itanagar','Sikkim',113043,'(227) 753-3244'),(127,'Kaitlin Blevins','molestie.tortor.nibh@yahoo.net','GWE16JVI7GM','RKC43RJG3AS','Ap #109-2064 Natoque Rd.','Dhanbad','Rajasthan',838870,'(674) 720-2226'),(128,'Maisie Hampton','cursus@yahoo.org','SGN84JSU3DS','XIC82RNZ0WQ','221-7558 Semper Rd.','Munger','Goa',592110,'(743) 222-1631'),(129,'Nehru Murray','nisi.a@aol.org','AUC21SOF9SR','EYU17TUX6YR','130-349 Odio Street','Itanagar','Manipur',234121,'(240) 139-7937'),(130,'Clarke French','parturient@yahoo.com','GNR11DWE5RV','HUG83IYV3DF','P.O. Box 220, 6017 Nam Rd.','Shimla','Uttar Pradesh',215915,'(838) 580-4228'),(131,'Lysandra Wolfe','vestibulum.massa@icloud.ca','BSE89DLC6QP','XGS73CVD0EY','168-3076 Tristique Street','Shimla','Andaman and Nicobar Islands',772765,'(753) 597-6739'),(132,'Alma Day','laoreet.lectus.quis@protonmail.org','LBG72GBX4UD','PQQ28FRR9HU','855-4625 Felis. Avenue','Panjim','Madhya Pradesh',513856,'(661) 211-9151'),(133,'Rigel Reilly','quis.diam.luctus@google.net','WXP91NKS1VR','HGQ43MNN1QE','472-7242 At, Rd.','Hassan','Bihar',904025,'(871) 423-2113'),(134,'Mercedes Buchanan','consequat.purus.maecenas@google.edu','HAD58VTH0WW','ILP89BVH8QW','582-4512 Rutrum, Av.','Kanchipuram','Haryana',397881,'(896) 232-2322'),(135,'Ursula Austin','non.hendrerit@yahoo.ca','HXB82SMT5QR','IRT58YLT6KC','Ap #520-3646 Dis Road','Itanagar','Haryana',886708,'(374) 694-2355'),(136,'Cora Hahn','primis.in@protonmail.net','CFE91OXO8VL','YRC46OWG2EG','332-4491 Amet, St.','Gangtok','Gujarat',267632,'(428) 379-3963'),(137,'Berk Trevino','risus.quis@google.couk','LRO59WYP4KS','HTB25NBU3VN','7256 Nam Avenue','Ajmer','Arunachal Pradesh',571627,'(257) 126-2832'),(138,'Graham Maddox','cursus@aol.couk','HSP12RJC1NX','UOD47VVT8IT','P.O. Box 366, 5268 In Rd.','Sasaram','Chhattisgarh',774464,'(774) 750-2345'),(139,'Dennis Ayala','pharetra@protonmail.net','COV57BLH6NE','CAE47TQI8BL','Ap #403-8161 Arcu Ave','Port Blair','Kerala',355203,'(543) 795-7839'),(140,'Portia Joseph','vel.lectus.cum@outlook.net','PLB81HHK3BE','HRF40SQV7DR','985-5271 Lorem Rd.','Machilipatnam','Sikkim',708636,'(882) 344-2852'),(141,'Ulla Alford','id.ante@yahoo.net','ZFV69CMI8XF','KPC42SCP8PX','P.O. Box 451, 4262 Eu St.','Shimla','Odisha',246448,'(588) 121-5126'),(142,'Uriah Warren','egestas@outlook.edu','IVY68YIP3RU','UDU83WMT6ZJ','Ap #275-6562 Tristique Av.','Agartala','Maharastra',484871,'(366) 551-8351'),(143,'Hoyt Hughes','morbi.neque@outlook.org','BQE39YUR6BP','CQJ81YJN5JL','7902 Id Street','Sonipat','Lakshadweep',253492,'(456) 115-5245'),(144,'Dai Adkins','congue.turpis@google.net','ISA87JRF3IN','CHT52ZZS1OZ','148-7557 Vulputate, St.','Korba','Karnataka',656079,'(234) 563-7019'),(145,'Cathleen Mitchell','donec.tempor@protonmail.edu','IMT48PUO8GS','WBC14NWL6XF','P.O. Box 106, 7206 Eu Street','Brahmapur','Maharastra',438115,'(913) 186-2746'),(146,'Dane Riley','rutrum.eu.ultrices@aol.com','OQM22UAW3LS','GPO23WQQ2CC','Ap #450-9290 Ut Street','Daman','Bihar',730632,'(520) 971-7582'),(147,'Felix Lowery','mauris.erat.eget@outlook.ca','DMG75HCT8BA','VIV36EWT3VR','Ap #919-1927 Tortor Rd.','Arrah','Jammu and Kashmir',192516,'(672) 680-2496'),(148,'Jordan Crane','suscipit.est@protonmail.ca','DGQ25ECE3LN','YNY37GBG1GS','2172 Lacus Av.','Hubli','Rajasthan',787686,'(327) 945-0687'),(149,'Harriet Sweeney','lobortis@hotmail.org','RKD97HFE6KN','YZX11CYU6FH','256-116 Non St.','Silvassa','Madhya Pradesh',858544,'(262) 874-2721'),(150,'Ira Walls','enim@icloud.edu','TJU95IQV7CC','IYV12JEZ1HW','Ap #252-538 Turpis Street','Tambaram','Rajasthan',532220,'(578) 900-1983'),(151,'Keegan Howard','cursus.et@aol.com','CEL54JOC8TI','DGE54ORA5QV','Ap #772-770 Nullam Av.','Delhi','Uttarakhand',437418,'(480) 301-1036'),(152,'Orlando Humphrey','lacus.vestibulum.lorem@hotmail.org','BNT17ZWV6KB','SDC61FXP6UN','796-370 Odio. Rd.','Chandigarh','Chandigarh',654563,'(676) 455-8234'),(153,'Harding Mays','non.vestibulum@google.com','QGX52BCW6UH','UTG31QUO0XO','P.O. Box 417, 561 Vel, St.','Bikaner','Dadra and Nagar Haveli',671563,'(328) 560-5202'),(154,'Whitney Welch','curabitur.vel@yahoo.com','MOC80UZJ5YQ','QSD50HEW6UF','863-2236 Purus. Avenue','Erode','Meghalaya',926811,'(825) 173-7047'),(155,'Mary Gillespie','urna.ut.tincidunt@outlook.edu','NNW70COG1YA','IDV25WRL5QO','Ap #258-6388 Penatibus Avenue','Cuttack','Andhra Pradesh',188635,'(241) 729-3644'),(156,'Akeem Meyer','augue.ut@aol.edu','XKF36HJV5TR','TME21ZVR2GK','826-6492 Risus Street','Cuttack','Madhya Pradesh',786183,'(261) 438-6722'),(157,'Kenneth O\'Neill','morbi.sit@aol.couk','EWB47KID0VH','OHM88XHI8JT','520-5011 Nec, Road','Shahjahanpur','Daman and Diu',475625,'(891) 201-7284'),(158,'Tanner Calderon','nisi@google.com','QGJ67CJU4UT','BGO75HXB7RS','Ap #695-6308 Ipsum St.','Damoh','Chandigarh',556172,'(671) 767-7714'),(159,'Hammett Riggs','mollis.phasellus.libero@icloud.org','NCU18TWF9XY','ROY26SOJ8SP','422-9417 Fringilla St.','Chandigarh','Manipur',996245,'(243) 933-2263'),(160,'Justin English','sed.eget@icloud.couk','DZD87RXJ7AY','QZX80NXM1MT','984-6636 Placerat, Road','New Bombay','West Bengal',722285,'(306) 961-6453'),(161,'Frances Newton','morbi.sit@outlook.couk','AOU87USE2SW','PYW05NEP0UH','Ap #457-2922 A Ave','Itanagar','Himachal Pradesh',750977,'(730) 445-3767'),(162,'Lyle Mathis','vel.convallis.in@aol.edu','XYP30SDH6SN','UFT15VKO4OU','Ap #626-9344 Fusce Avenue','Haridwar','Odisha',147117,'(712) 364-7895'),(163,'Cody Alvarado','nostra.per.inceptos@google.couk','TYY83XRT7WM','FUP72FYP6VO','Ap #737-446 At Avenue','Hazaribag','Uttar Pradesh',651179,'(441) 564-6822'),(164,'Elliott Walker','tempus@yahoo.com','WNK24KFY7UI','UUI70WHK7PB','P.O. Box 298, 700 Cursus St.','Bansberia','Maharastra',308424,'(302) 468-5959'),(165,'Hamish Barker','dis.parturient@yahoo.com','NDR14KLI4VV','HFT81RCT4NS','Ap #712-9827 Pellentesque Avenue','Gondiya','Chhattisgarh',651842,'(369) 972-0308'),(166,'Charde Thomas','nec@hotmail.net','XEJ10EGY6KY','XYW54KNN8WO','694-3128 Iaculis Rd.','Khammam','Odisha',344986,'(113) 454-8666'),(167,'Tate Rush','dapibus.gravida@yahoo.net','BVM33PSH3HQ','GHZ84BXU6RJ','224-9736 Purus. Ave','Ranchi','Odisha',623357,'(667) 116-8015'),(168,'Rudyard Gibbs','dapibus.gravida@google.com','QQQ05UEG2VT','CSA87DNQ4UJ','6506 Magna, Rd.','Port Blair','Assam',714201,'(863) 128-8213'),(169,'Aphrodite Burris','nunc.quis@protonmail.ca','NQS11EBL4BP','NNP82PAF4YJ','484-6941 Sed Rd.','Amritsar','Uttar Pradesh',707131,'(881) 652-4471'),(170,'Vladimir Cantu','neque@outlook.net','XLC52VLH1MP','ULI63OPH7AY','9618 Ut Road','Durgapur','Dadra and Nagar Haveli',776038,'(402) 908-0141'),(171,'Victor Cleveland','a.malesuada@yahoo.couk','TUI17ANI9GO','YDM61MUJ2DH','Ap #300-9005 Cras Av.','Port Blair','Rajasthan',760566,'(688) 427-8733'),(172,'Mohammad Cervantes','ac@hotmail.org','SPM76FNC6KK','LLL86OUX4YB','Ap #136-5402 Duis Rd.','Port Blair','Andhra Pradesh',704744,'(208) 489-7268'),(173,'Kyle Garner','urna.vivamus@hotmail.ca','IEH19UND6DO','JTQ90DBX7TS','P.O. Box 237, 5846 Proin Avenue','Jamshedpur','Chandigarh',872421,'(894) 671-9511'),(174,'Bertha Meyer','elementum@hotmail.org','FGO83DWU5TX','IGC85GWD6KX','Ap #455-3708 Integer Av.','Barahanagar','Arunachal Pradesh',487714,'(893) 231-0576'),(175,'Lance Duncan','commodo.ipsum@hotmail.net','QPD80OLQ7FI','GBX16ATU7KG','Ap #258-7994 Velit Rd.','Srinagar','Madhya Pradesh',628995,'(988) 891-9241'),(176,'Xavier Solis','dictum@hotmail.net','NSP75YWW7UT','NTH24HCH3YD','Ap #579-6778 Sed Road','Delhi','Mizoram',214038,'(207) 412-4205'),(177,'Macon Mcknight','ipsum.donec.sollicitudin@hotmail.org','JMA77EBK1DK','TZJ72CUC9WL','Ap #333-348 Ut, Street','Karnal','Tamil Nadu',257981,'(387) 688-0628'),(178,'Karina Hutchinson','pellentesque@yahoo.edu','DTK84EJG7JN','DNR30GHW2OI','371 Sit St.','Pondicherry','Lakshadweep',988185,'(285) 793-5461'),(179,'Roth Shaw','aliquam.vulputate@outlook.net','GAP25NFJ3OV','CPL63XQP6HI','766-8667 Erat St.','Hazaribag','Rajasthan',464682,'(431) 939-8155'),(180,'Thor Vance','vitae@icloud.net','TTS41TAP7GZ','REL16PBY4IX','Ap #117-8544 Convallis Rd.','Daman','Nagaland',312536,'(660) 148-2938'),(181,'Brendan Potter','risus.in@aol.couk','HWN77ELC5OZ','HQU61XRE6BB','Ap #287-6118 Enim Ave','Gandhidham','West Bengal',703689,'(462) 238-6259'),(182,'Bradley Edwards','vel@google.ca','FIN24LLK5JN','XJO83ERV0ST','P.O. Box 305, 4730 Eu Av.','Sahiwal','Uttarakhand',615233,'(354) 589-9638'),(183,'Jared Tyler','nulla.facilisis.suspendisse@protonmail.org','OCX37UOH1JQ','MLC51PWP6SY','906-3942 Donec Ave','Hisar','West Bengal',438327,'(899) 844-8658'),(184,'Christian Jordan','egestas.lacinia.sed@yahoo.ca','TRW02ODO2IC','IVX76LIL5NF','P.O. Box 877, 8303 Senectus Avenue','Imphal','Lakshadweep',294557,'(264) 619-1115'),(185,'Orlando Mcguire','tristique.pellentesque@hotmail.ca','TCR62QAR8VS','FVP74SPD1LK','863-7661 Nunc St.','Itanagar','Gujarat',842836,'(515) 549-1718'),(186,'Chanda Mcgowan','at.auctor.ullamcorper@outlook.net','IOH86IIJ4FS','GQN57KTL5MQ','6818 Netus Rd.','Pondicherry','Andaman and Nicobar Islands',102718,'(352) 634-3103'),(187,'Orlando Osborn','natoque.penatibus@google.edu','ODN28WLQ3IJ','VHJ46MQC4JU','751 Malesuada Rd.','Shillong','Karnataka',361316,'(314) 634-5817'),(188,'Olivia Compton','nonummy@aol.edu','SLX67KLC6XI','IJV06VMY8CU','P.O. Box 424, 641 Et Rd.','Jamshedpur','Punjab',101786,'(576) 332-7527'),(189,'Quin Stuart','sapien.cursus@protonmail.com','WNE37FKT5QM','MEE30HNW4PT','537-951 Eget St.','Panjim','Maharastra',634130,'(568) 147-3226'),(190,'Craig Alvarado','arcu@google.edu','QVM58TCH6BJ','WYR55UHJ8TH','Ap #326-7294 Proin Rd.','Bihar Sharif','Uttarakhand',347784,'(532) 245-5130'),(191,'Iliana Mitchell','nunc.nulla@yahoo.ca','BCI36GOY5TK','BEE52EUO4QD','944-9922 Etiam Rd.','Jammu','Bihar',412582,'(861) 887-6470'),(192,'Gary Williamson','vehicula.risus@google.ca','DTW59IGX3KO','OXT08YFE6QJ','Ap #657-3618 Cubilia St.','Serampore','Mizoram',845786,'(748) 451-1848'),(193,'Hammett Perkins','vulputate.mauris.sagittis@google.org','EXK23GYQ6RS','ILK12GSE5EN','Ap #633-2936 Semper Rd.','Bhopal','Odisha',977818,'(649) 755-5381'),(194,'Rhona Mccullough','vitae@outlook.couk','INM93UPN3VY','BXY47TYJ9GJ','526-660 Orci. Rd.','Haridwar','Goa',306561,'(341) 682-6424'),(195,'Fiona Medina','mauris.erat@yahoo.ca','YGK13UBV3ES','JWG73ODD8MK','1213 Donec Street','Chandigarh','Delhi',487835,'(652) 366-8950'),(196,'Camille Mullen','nisl.arcu.iaculis@hotmail.couk','QUF34AIJ3FL','RII04BFQ8ID','Ap #749-9489 Duis Rd.','Jodhpur','Manipur',409236,'(894) 838-2313'),(197,'Kameko Rivas','nulla@outlook.org','CHN82YQU6ZO','QRE79OYS0UN','519-4372 Elit. Avenue','Guntur','West Bengal',610643,'(285) 644-8537'),(198,'Chase Jensen','curabitur.sed@google.ca','NSD87FDM8XO','YFA92DVP1EZ','1511 Consectetuer Street','Aizwal','Dadra and Nagar Haveli',770172,'(583) 749-8956'),(199,'Skyler Schmidt','cursus.vestibulum.mauris@icloud.com','DRL77EWR2HN','CGM52PRG4OG','Ap #724-6864 Phasellus Rd.','Chandigarh','West Bengal',462236,'(832) 704-5354'),(200,'Magee Bender','consequat@outlook.edu','BKO30HNR1NB','UDH66EHG0AC','213-1813 Sed Rd.','Daman','Nagaland',231706,'(455) 173-1603'),(201,'Leilani Merritt','sed.nulla.ante@aol.ca','DGL66NIE2ZR','CAJ67ASL8LZ','690-3484 Auctor, Av.','Delhi','Assam',683037,'(575) 641-3084'),(202,'Colleen Hughes','lorem.luctus@yahoo.net','CLR60OEB4IQ','BLG66WLO1KK','7775 Aliquam St.','Kavaratti','Chandigarh',767922,'(367) 531-6470'),(203,'Keaton Bennett','morbi.accumsan@aol.org','JRY60LAS8NA','LBR70HAL7WI','P.O. Box 716, 1439 Sit Av.','Silvassa','Manipur',323118,'(421) 869-7723'),(204,'Hayes Mcmillan','ut.nisi@protonmail.org','SLL89YSH7WD','EQQ85IJA8XV','Ap #469-6781 Risus. Road','Silchar','Odisha',678724,'(754) 715-6874'),(205,'Felicia Short','egestas.duis@aol.edu','MGP38PVA5BR','NDT72VYF2FN','9822 Blandit. Ave','Sambalpur','Andaman and Nicobar Islands',755180,'(686) 580-7229'),(206,'Guy Morin','mi.enim@hotmail.org','MPK65FLG4WH','FLO51MWE4CF','P.O. Box 576, 8969 Nam Ave','Silchar','Daman and Diu',362335,'(239) 651-5967'),(207,'Preston Justice','arcu.ac@protonmail.edu','WEL69OVF5LC','KIX06IZC2WM','878-5274 Diam Avenue','Kavaratti','Nagaland',945735,'(313) 698-3428'),(208,'Beatrice Singleton','arcu.aliquam@aol.com','RBF32HKB6JW','BZQ40ZOE5YK','944-9228 Penatibus Avenue','Bharatpur','Chandigarh',797578,'(136) 275-8652'),(209,'Dominic Winters','a@hotmail.ca','GKR57CHH7FA','AOP58EZB5MF','Ap #683-2164 Leo Ave','Sheikhupura','Pondicherry',177114,'(427) 469-8043'),(210,'Imogene Justice','eu.euismod.ac@protonmail.couk','COM15PBL9DT','CNN49NOG1ZZ','P.O. Box 983, 679 Sed Street','Katihar','Nagaland',824635,'(219) 336-7962'),(211,'Ian Keith','vulputate@yahoo.ca','VXG21TQJ8DN','SNC65SPQ4JX','P.O. Box 656, 6254 Elit St.','Kavaratti','Madhya Pradesh',573363,'(858) 649-8164'),(212,'Jane Thompson','vitae@google.com','DKJ98KLI2UQ','VYA70UXK4QL','234-6680 Magna. Street','Srinagar','Dadra and Nagar Haveli',674440,'(323) 145-7444'),(213,'Bruce Chandler','eu.enim@google.couk','BMK79YDH6UV','DEF77KOY7LH','P.O. Box 508, 3988 Ac Road','Shimla','Himachal Pradesh',474327,'(575) 885-0864'),(214,'Michael Charles','sed@hotmail.org','KFF81QJF1NZ','FHP87HKQ5MY','6098 Nunc Av.','Aizwal','Andhra Pradesh',555283,'(301) 645-6552'),(215,'Xanthus Clay','amet.diam.eu@aol.couk','QXQ37PLS4NK','HPB46CMF6WU','Ap #251-5621 A Av.','Daman','Lakshadweep',803414,'(959) 667-8434'),(216,'Lane Hall','a.facilisis@protonmail.org','IXK81DWP0XC','QUS25DCS6YK','6213 Nunc St.','Panjim','Uttarakhand',514878,'(368) 687-6044'),(217,'Zane Finch','tellus.sem@aol.edu','AGX95JJX1BP','XUY96CJI2WV','P.O. Box 938, 1738 Nisl Road','Sasaram','Karnataka',738175,'(125) 516-9896'),(218,'Madison Shepherd','gravida.sit@aol.edu','DJS40QCJ2KX','ULU14EHI7SB','Ap #291-3238 Per Rd.','Arrah','Karnataka',892109,'(968) 631-6621'),(219,'Malcolm Ramirez','aliquam@hotmail.ca','REJ44WSS4AY','ULX73KYG6MY','425-9714 Magna, Rd.','Shillong','Daman and Diu',645777,'(675) 493-2591'),(220,'Teegan Park','tincidunt.orci.quis@hotmail.ca','YVS98VPO4JO','PQN07BYS4BR','628-9254 Eget, Rd.','Dabgram','Dadra and Nagar Haveli',280553,'(815) 765-0574'),(221,'Amity Barnett','magnis.dis.parturient@yahoo.com','GKR74PQW5QP','TPK22VNO7AQ','345-1360 Nulla. St.','Agartala','Arunachal Pradesh',983116,'(648) 413-8805'),(222,'Armand Morse','euismod.urna@icloud.edu','SVR56PUZ2RS','YDP17XUT5BK','Ap #381-7449 Arcu. Street','Aizwal','Karnataka',976005,'(383) 605-9689'),(223,'Lara Kline','pharetra@yahoo.ca','GRF75RFO6SU','MLM52YSC6EA','3487 Libero Av.','Port Blair','Manipur',174235,'(685) 210-9953'),(224,'Aspen Acosta','sed.leo@outlook.couk','YAO12KCG7JT','UCW57EDJ2VS','P.O. Box 944, 2092 Dui Rd.','Bhilai','Delhi',546747,'(116) 516-0186'),(225,'Miranda James','nec.leo@outlook.net','XTL23HIJ6UD','UIH38TCP7QI','4546 Vitae Rd.','Dera Ghazi Khan','Gujarat',801601,'(521) 951-5301'),(226,'Ezra Haley','nullam.scelerisque@aol.org','AKL72OEX7IP','ECF54SUU3FI','Ap #537-8335 Metus Street','Delhi','Arunachal Pradesh',843331,'(868) 658-4336'),(227,'Lavinia Griffin','sed.dolor.fusce@yahoo.org','SLK47PSY9NN','RWS60TFA1MW','P.O. Box 872, 2235 Cursus. Road','Brahmapur','Karnataka',349888,'(417) 361-2037'),(228,'Jada Hoffman','eu@hotmail.couk','CWI35DRJ4XO','COI12CYR4TF','P.O. Box 952, 7352 Diam Road','Karnal','Lakshadweep',178715,'(724) 112-6311'),(229,'Ignacia Molina','sit.amet.faucibus@yahoo.net','FGA88WRM9OQ','ULP71IJL5VP','P.O. Box 395, 1035 Magna Street','Vellore','Tamil Nadu',823515,'(202) 481-0812'),(230,'Nathan Moody','et.rutrum@protonmail.com','XGY46KFK8ZO','BNJ85MEI7GP','Ap #469-3337 Sed Street','Kavaratti','Nagaland',657270,'(655) 945-7618'),(231,'Yvonne Tyler','aliquam.fringilla@google.ca','BRT84BMQ5DK','UDT90BEB6LI','Ap #558-6845 Sem, Street','Imphal','Manipur',853784,'(516) 541-2183'),(232,'Brandon Hodges','eros.turpis.non@yahoo.couk','HTI67ZJZ4ZH','SMW02LKV3RR','Ap #915-9379 Sed, Rd.','Tirunelveli','Haryana',161767,'(505) 521-4513'),(233,'Judith Raymond','ipsum.primis@aol.ca','MNC53FAE4BJ','WXQ60JBR2HD','P.O. Box 505, 1271 Ipsum St.','Pimpri-Chinchwad','Odisha',373818,'(921) 231-3119'),(234,'Zachery Everett','auctor.vitae@yahoo.com','YRK12WUN7ZO','KMT83RBV8LB','2349 Arcu. St.','Port Blair','Mizoram',574046,'(718) 413-5761'),(235,'Anthony Brock','et@outlook.couk','JNF56LYE8SD','IZI76VOO7CK','P.O. Box 857, 7840 Vel St.','Bhagalpur','Chhattisgarh',295267,'(855) 151-5763'),(236,'Jonas Charles','purus.nullam@protonmail.ca','GHO27UAE2PC','GUY31FTJ4FT','748-1352 Nulla St.','Durg','West Bengal',467118,'(983) 251-6432'),(237,'Eagan Griffith','cum.sociis@yahoo.edu','VLK38QWB5WX','BDE80UQQ1QS','440-4773 Cursus Rd.','Silvassa','Kerala',451445,'(354) 503-6813'),(238,'Dylan Curtis','lorem@protonmail.edu','LVB73RRD4UW','GAG73FGP1AW','P.O. Box 726, 4699 Id Road','Silvassa','Maharastra',548323,'(278) 431-2739'),(239,'Orli Levine','ut@outlook.couk','WVI41GCA4EG','HRT22KJO8JO','198-8272 Mauris Road','Port Blair','Goa',736812,'(457) 342-7207'),(240,'TaShya Campbell','mi.lorem@hotmail.edu','ZNG36HNV8MW','MMO70OFU5GN','220-2880 Tincidunt Ave','Agartala','Haryana',357658,'(656) 872-1186'),(241,'Riley Barr','dictum.phasellus.in@yahoo.net','XLH58BMO6JQ','GVG72EJU4PH','148-7808 Velit Avenue','Rajapalaiyam','Lakshadweep',443684,'(742) 515-0289'),(242,'Serena Hayes','est.congue@icloud.net','LXY20KGI5HX','EDW19EDE9VA','Ap #125-359 Elementum Rd.','Ludhiana','Odisha',691449,'(224) 366-2452'),(243,'Charissa Schroeder','a.magna@aol.org','BCB22FTD9KP','PBY75UFR7DG','Ap #166-8046 Fringilla Street','Shillong','Gujarat',421668,'(895) 448-4373'),(244,'Brian Simmons','nec.ligula@protonmail.com','SHC05XAJ1LI','VJV14IEU5XY','1471 Nunc Avenue','Dibrugarh','Sikkim',932534,'(431) 383-6637'),(245,'Summer Humphrey','ridiculus.mus@hotmail.org','ZOH41BXY5TN','MAT12YZS1BB','Ap #290-6867 Duis Ave','Beawar','Manipur',787185,'(833) 656-5622'),(246,'Brenda David','non.arcu@outlook.couk','YGP28ZOA1UJ','DII89BRP3FP','Ap #439-7849 Ac Rd.','Kohima','Rajasthan',737411,'(666) 413-0241'),(247,'Cameran Burns','risus@protonmail.ca','POE38JTF5EN','QBR07PZG2FJ','Ap #215-3838 Eget St.','Imphal','Uttarakhand',217771,'(822) 268-6219'),(248,'Steven Joseph','fringilla.euismod@yahoo.com','XMW84GIY5GN','VSH48BXE4EB','222-8265 Et, Rd.','Hazaribag','Delhi',609942,'(754) 777-0765'),(249,'Gay Juarez','odio.nam@yahoo.net','ICX27OST0KK','YWQ75MRX7PY','Ap #384-5924 Ut Street','Aizwal','Karnataka',614037,'(293) 261-2339'),(250,'Daryl Huffman','ornare@icloud.ca','USM75QYV9PT','YZK39YRE7SB','P.O. Box 229, 6973 Erat Ave','Ganganagar','Madhya Pradesh',638578,'(867) 444-3453'),(251,'Sonia Clay','nec.mauris@google.com','STI54VZE8FP','VLO78AWE3DN','Ap #972-3153 Ac Rd.','Agartala','Madhya Pradesh',523453,'(427) 196-2049'),(252,'Shaine Love','rutrum.justo.praesent@protonmail.edu','VQC81EOL6MC','NVQ74LDV8MC','2065 Nisl. Rd.','Daman','Chhattisgarh',750830,'(826) 727-0852'),(253,'Andrew Hess','nec.tempus@outlook.edu','HIV29KVJ0VD','OAK09ZED6KJ','251-9564 Laoreet Av.','Hubli','Maharastra',693956,'(644) 207-2535'),(254,'Hasad Stanley','nulla.eget@icloud.couk','EYZ26DIT1BE','TXE82DDT5CL','Ap #215-5180 Etiam Rd.','Sikar','Nagaland',171765,'(634) 549-6634'),(255,'Deacon Sharp','fermentum.fermentum.arcu@hotmail.com','OHX73KDJ7QV','USH56MHW8GH','184-6314 Sed Av.','Daman','Maharastra',423448,'(625) 235-1851'),(256,'Stella Walton','faucibus.ut.nulla@aol.net','HUB21VTW7HT','VQR18XDE9QC','4819 Semper Rd.','Pathankot','Assam',946765,'(777) 423-2307'),(257,'Serina Wagner','erat@protonmail.edu','JYI86MXF4HI','XCH04LGB7LL','Ap #605-9593 Molestie Rd.','Panjim','Karnataka',138294,'(523) 979-8554'),(258,'Eliana Stevenson','sem.nulla@aol.edu','STQ34LOT5GZ','BIP43FAQ3QL','Ap #605-2903 Mauris St.','Silchar','Maharastra',446711,'(536) 808-1511'),(259,'Leila Hardy','nunc.mauris@google.ca','JKO88PCL2GH','QQG80PUW3CV','195-490 Ultrices Avenue','Katihar','Madhya Pradesh',857039,'(382) 884-3006'),(260,'Emerson Carey','sit.amet.consectetuer@icloud.net','IVN25VOU3UR','SLO81PYQ8FR','Ap #835-1410 Elit St.','Kozhikode','Odisha',476698,'(567) 518-3051'),(261,'Kareem Velasquez','phasellus@aol.com','VMU11HYB9XL','MDP10URU7SG','P.O. Box 291, 4431 Mauris Avenue','Silchar','Punjab',371315,'(262) 531-4593'),(262,'Xavier Munoz','orci@aol.org','LVD61MVM6HU','MIX17YQQ3XZ','4729 Et, St.','Kohima','Tamil Nadu',916363,'(626) 416-4156'),(263,'Griffin Bird','arcu.curabitur.ut@aol.org','HIL88PWY5RJ','HGM52RQP7VA','Ap #556-7241 Eget, Ave','Gadag Betigeri','Andhra Pradesh',129045,'(288) 202-5634'),(264,'Abdul Phillips','varius.nam@aol.net','UKL32EKV5FP','MTT68GYY1QW','556-2347 Ligula Rd.','Aizwal','Gujarat',703716,'(712) 398-6876'),(265,'Tarik Santos','sed.nunc@outlook.net','UPJ60ATT2YT','ICD59HRI3WG','Ap #150-5176 Dolor. Street','Kavaratti','Karnataka',566633,'(866) 988-4241'),(266,'Hayley Hawkins','ac.facilisis@hotmail.com','ODJ41EUD6UA','XOH90TOR7TV','802-9915 Sapien. St.','Vidisha','Bihar',365742,'(277) 387-7819'),(267,'Leonard Landry','dolor.dolor@aol.com','ZAQ22YLM6UE','PHN15KPT1WZ','Ap #672-757 Rutrum St.','Cuttack','Arunachal Pradesh',375475,'(635) 563-7622'),(268,'Alec Herman','non@aol.com','EXW81YET4XN','BFY43EBJ9YO','236-4821 Integer St.','Kozhikode','Andhra Pradesh',626432,'(769) 357-7748'),(269,'Nevada Christensen','ornare@protonmail.org','CDH66OPE2CI','PZR35HVK6DJ','P.O. Box 541, 4191 Ornare St.','Haridwar','Rajasthan',388813,'(875) 635-7377'),(270,'Calista Eaton','mauris.a@aol.couk','LHW59UAQ6VN','MQY06EUK4XW','P.O. Box 398, 2545 Vestibulum Rd.','Jammu','Mizoram',359408,'(417) 879-1988'),(271,'Donna Sheppard','tellus.aenean.egestas@outlook.com','FNN85JGY5VC','CMO67DKV6YM','Ap #251-267 Montes, Street','Damoh','West Bengal',566228,'(812) 637-9944'),(272,'Joseph Rowland','pede.cras@protonmail.com','ESF73YWH5DX','IHL94CRL3KP','P.O. Box 844, 6960 Sollicitudin Road','Raigarh','Lakshadweep',568145,'(281) 325-5204'),(273,'Kadeem Conley','vestibulum@outlook.edu','MOC62ZSD4JS','SKW45YQZ0XE','Ap #139-5891 Enim. Road','Imphal','Arunachal Pradesh',861615,'(585) 601-2701'),(274,'Otto Carlson','amet.consectetuer@hotmail.net','PNI76MJX5NS','DVS73HSZ9JO','743-4368 Aliquam Ave','Pondicherry','Maharastra',843148,'(663) 531-3725'),(275,'Kim Stephenson','elit.dictum@aol.net','UGO25HOO6RS','VNL50ZIJ3TG','395 Porta Street','Srinagar','Manipur',807271,'(182) 687-4785'),(276,'Jakeem Little','feugiat.sed.nec@protonmail.com','HSU14FXJ7OE','BXI69XDY5TQ','194-1711 Nec Road','Kalyan','Madhya Pradesh',467773,'(242) 865-2315'),(277,'Aphrodite Rush','vestibulum@protonmail.com','YTM01GLU4WD','BTU61QOQ6DX','Ap #476-2611 Lacus, St.','Imphal','Andhra Pradesh',102397,'(923) 968-3297'),(278,'Warren Barlow','orci.ut@hotmail.ca','XJV86EAA2WC','TGW52FAI6SX','Ap #195-3861 Quisque Road','Chandigarh','Manipur',438674,'(268) 325-8115'),(279,'Madonna Greer','augue@yahoo.net','IHH28BVK8XF','EML97YBO5LX','8638 Massa. Rd.','Gandhidham','Pondicherry',970114,'(445) 766-4738'),(280,'Gavin Chapman','risus.at.fringilla@outlook.ca','NPF87ILU5KO','XFB65DTK6PQ','511-4320 Leo. Street','Rajahmundry','Kerala',711006,'(846) 435-8325'),(281,'Elton Nixon','nulla.donec@hotmail.ca','SIT85LQP4QE','SAC23SQR9MT','940-172 Posuere Avenue','Aizwal','Himachal Pradesh',520685,'(734) 622-8177'),(282,'Iona Cannon','et.eros@hotmail.com','AJW35HAR9CT','IUM37EPY7OQ','Ap #314-9041 Ut, Road','Sambalpur','Andaman and Nicobar Islands',527031,'(811) 721-4755'),(283,'Griffith Gilmore','purus@google.com','YNW89MOQ8NK','BFX42VEI2LM','Ap #745-6178 Dis Ave','Mango','Meghalaya',784692,'(618) 440-6732'),(284,'Remedios Pierce','sem.ut@hotmail.edu','TQA73GKT7PJ','ZSJ11YYK4XQ','994-6870 Ut Rd.','Bhilai','Madhya Pradesh',541128,'(712) 287-1791'),(285,'Jescie Cote','fusce.fermentum.fermentum@hotmail.org','KDK17YPR7HD','WWD27KBV9CH','2036 Mauris St.','Thalassery','Madhya Pradesh',940443,'(360) 615-1386'),(286,'Darius Rice','montes.nascetur.ridiculus@outlook.ca','GCY16SIS4QY','VDQ86KUG5CT','Ap #278-3380 Scelerisque, St.','Delhi','Jharkhand',870517,'(452) 323-4013'),(287,'Dorothy Gregory','ut.quam@protonmail.net','UPB65CCY4YF','WGZ25ZLD8HE','Ap #501-2882 Molestie St.','Shimla','Lakshadweep',337100,'(285) 574-8831'),(288,'Nicholas Potter','nascetur@icloud.net','GOT01CGE6GI','QSU52MPS6VC','5209 Ut Av.','Chapra','West Bengal',728349,'(671) 932-6696'),(289,'Bethany England','tempor@aol.net','QDG45NTD7NC','LXC48GBD7IM','266-8822 Orci Avenue','Delhi','Maharastra',512037,'(102) 652-1766'),(290,'Ryan Stark','malesuada@yahoo.edu','PEE84HZL6PD','JCC22QEK1TT','Ap #338-6545 Laoreet Rd.','Bhubaneswar','Madhya Pradesh',869733,'(595) 862-1418'),(291,'Vernon Edwards','ligula.tortor@icloud.com','CIT64JRR4MS','ZGR48ZGL6KZ','219-3774 Feugiat St.','Delhi','Daman and Diu',518673,'(576) 264-3173'),(292,'Brody Barry','dolor.elit.pellentesque@google.ca','YOG12UWC1SN','HJP66LBC0CU','3575 Eu Road','Port Blair','Himachal Pradesh',537478,'(430) 243-5358'),(293,'Malachi Atkinson','elementum.dui@protonmail.couk','WIG86VXS1SG','LHR66IXB8OX','P.O. Box 780, 6881 Ac Street','Jammu','Meghalaya',622222,'(753) 748-4236'),(294,'Madeline Beck','ornare@outlook.ca','JIL68DGA6FJ','NLL68FVB6DZ','P.O. Box 787, 9745 Erat Rd.','Itanagar','Arunachal Pradesh',240019,'(892) 311-8738'),(295,'Demetrius Bailey','nisi.magna.sed@aol.com','OKZ10GYJ4GC','NQX97MWE5QA','Ap #290-7963 Donec Road','Hindupur','Mizoram',815128,'(432) 435-6412'),(296,'Nadine Moore','pede.nonummy.ut@icloud.ca','CHL12JIS6JM','RGB74PGQ0YS','P.O. Box 333, 5991 Metus. Rd.','Agartala','Himachal Pradesh',972640,'(377) 626-6411'),(297,'Ferdinand Franco','eros.non@outlook.edu','AGT48LGE2SA','HFD87UIO9UO','P.O. Box 516, 2587 Est. Rd.','Sirsa','Maharastra',591379,'(220) 218-2636'),(298,'Lacy Walters','nulla.cras@hotmail.ca','QYO90SLN8VE','VEG28KEU6HP','701-2885 Morbi Ave','Silvassa','Goa',532320,'(298) 312-5180'),(299,'Martena Giles','donec@hotmail.edu','ZYT61JRZ2AX','TSW89GEL8UN','Ap #202-4576 Id, Ave','Malegaon','Jammu and Kashmir',938712,'(213) 425-1934'),(300,'Lev Hansen','eget.metus@icloud.com','DKS48CMQ1VJ','NBW36WTO7PS','Ap #400-1801 Ornare, Rd.','Kavaratti','Arunachal Pradesh',633637,'(417) 444-5844'),(301,'Mohammad Ruiz','semper.nam.tempor@icloud.org','DXD76NBF1SW','YSG48WGR8SM','882-7949 Eleifend. Rd.','Hospet','Assam',642185,'(687) 940-0873'),(302,'Leandra Dudley','tellus.imperdiet.non@protonmail.org','UGT57BNY1MY','JOO27WYP4LF','Ap #488-5604 Mauris Ave','Faridabad','Uttar Pradesh',502766,'(354) 251-3737'),(303,'Hedley Gonzalez','leo.cras.vehicula@aol.edu','HHS81OUE7YU','SKK93ZNW7BX','594-4318 Aliquam St.','Bijapur','Karnataka',713690,'(537) 784-6286'),(304,'Fitzgerald Fernandez','sem.ut@protonmail.ca','JPP47TYD7JC','JMQ58JBY9OP','Ap #221-3981 At Street','Bahawalpur','Meghalaya',176280,'(541) 313-1513'),(305,'Lunea Padilla','et.magnis@protonmail.org','BBG26WDN1XQ','HUI47EVX6EF','842-6723 Semper Road','Kohima','Daman and Diu',276383,'(322) 465-6736'),(306,'Emerson Nunez','class@icloud.couk','PMP28KYY4PP','CJC65LEQ7WU','Ap #675-2504 Vehicula St.','Bhavnagar','Uttarakhand',366611,'(320) 513-3636'),(307,'Brett Gilbert','lorem.sit@aol.net','SLC31XDD5OS','PNV98TFJ6PF','5095 Semper St.','Shillong','Tripura',774099,'(838) 321-1154'),(308,'Kevyn Burch','amet.massa@hotmail.com','CRC62XVE3NR','QJI48PQO7VY','4745 Imperdiet Avenue','Imphal','Jammu and Kashmir',846244,'(571) 123-4182'),(309,'Rahim Beck','nulla.integer@outlook.couk','JRX64YTM7ZK','RWG29FCE7JO','P.O. Box 140, 9801 Lacus, Rd.','Delhi','Delhi',326524,'(634) 611-3240'),(310,'Cairo Donovan','blandit.congue.in@hotmail.com','HQC33IFA3RY','RCM76GFR0SM','P.O. Box 564, 6772 Neque. Rd.','Brahmapur','Karnataka',290227,'(215) 841-1198'),(311,'Evelyn Rollins','eget.tincidunt.dui@aol.couk','RSM42KNU2LG','ELQ96DKC1UM','Ap #606-3608 Mauris Av.','Itanagar','Lakshadweep',673891,'(283) 986-5854'),(312,'Derek Rogers','eget.ipsum@outlook.org','HQM31JLC8SE','MXG20XMU2FU','P.O. Box 711, 6564 Ligula Avenue','Aizwal','Tripura',564473,'(862) 480-2954'),(313,'Justin William','magna@hotmail.edu','HEU22WUQ3HN','LXM49DXR4GB','P.O. Box 954, 5236 Nulla St.','Haridwar','Bihar',619831,'(573) 774-8681'),(314,'Iris Franco','interdum.feugiat@google.ca','MIO04UIW3TM','SII72PUP2NR','6131 Mattis Rd.','Daman','Daman and Diu',205122,'(131) 955-5312'),(315,'Kim Kim','fringilla@google.ca','EPE84PYN6JE','PFV30QZJ6CG','811-1939 Consequat, Avenue','Shimla','Rajasthan',505709,'(320) 583-8393'),(316,'Sawyer Holland','pede.blandit@google.ca','JSY14XGQ2VD','RHI88FDP2UP','Ap #650-365 Sapien, Road','Pali','Assam',726610,'(147) 268-3430'),(317,'Clinton Mcgowan','cursus@outlook.net','WLI74FPC1GR','QWZ32MRF0EL','713-2013 Purus Av.','Nadiad','Uttarakhand',142833,'(372) 963-8845'),(318,'Orlando Mcgee','auctor.odio@icloud.couk','DGF12QQD1CS','SEY22UDW6CB','P.O. Box 419, 4041 Urna. St.','Saharanpur','Himachal Pradesh',564711,'(975) 744-1635'),(319,'Leo Mcneil','risus.varius@google.com','XEG58JCJ5KJ','BAN88BIP7NF','P.O. Box 436, 4747 Ridiculus Av.','Gorakhpur','Goa',426466,'(619) 496-1960'),(320,'Honorato Whitfield','dapibus.gravida@google.edu','VEN85KXW0WI','VGU91FBM2VQ','P.O. Box 470, 2251 Pede St.','Shimoga','Daman and Diu',412016,'(459) 215-4363'),(321,'Belle Haney','rutrum@hotmail.edu','AYG65OEJ6FM','WBB06QPL6PS','444-2639 Vulputate Avenue','Agartala','Jammu and Kashmir',672783,'(818) 153-5854'),(322,'Nola Kerr','parturient.montes@outlook.couk','CKP69XEH2KC','NLJ32DNW0NO','Ap #804-7422 Vel, St.','Kumbakonam','Goa',863762,'(818) 831-8742'),(323,'Rae Combs','id.ante.dictum@hotmail.ca','JTM83GVM7ER','IYW38IPT1UT','P.O. Box 889, 4585 Eu Avenue','Gudivada','Rajasthan',217727,'(512) 351-5726'),(324,'Nathan Rhodes','nibh.enim.gravida@google.edu','PDE77CUM3OY','MWA28NNM8LJ','216-1880 Lectus Av.','Firozabad','Punjab',640696,'(337) 612-4209'),(325,'Fay Velazquez','facilisis.suspendisse@aol.ca','AWB75WKW6WL','RAK33RGK5WH','Ap #228-3840 Ac Street','Barasat','Assam',479257,'(265) 705-9364'),(327,'Timon Gates','adipiscing@google.ca','QNG77YFQ4MV','YMD31NQH9DG','892-9458 Sed Avenue','Chiniot','Andaman and Nicobar Islands',475738,'(382) 626-5494'),(328,'Chelsea Rice','pellentesque@protonmail.org','HYF73OAX1NP','EJV39JFF9CT','5379 Mattis Ave','Bilaspur','Arunachal Pradesh',384705,'(888) 768-1653'),(329,'Phillip Bailey','pede.nunc@protonmail.ca','RCQ82FVD8NQ','JCQ05HOY1JT','Ap #390-8553 Dolor, St.','Vellore','Punjab',557512,'(873) 364-6740'),(330,'Charles Clements','velit.justo@icloud.edu','IOC81NNS3YI','QLX57FNM3BC','688-7646 Sem Rd.','Kollam','Lakshadweep',408589,'(255) 442-5969'),(331,'Aurelia Pacheco','sem.ut@outlook.edu','OVY25XBG0WJ','GPL71QHW0PN','P.O. Box 209, 6230 Luctus Av.','Katihar','Manipur',381585,'(262) 958-9823'),(332,'Candace Blake','enim.sit@outlook.net','IJK89KVO1IU','KDG54MJI3AP','P.O. Box 319, 5810 Sapien. Road','Delhi','Jharkhand',278375,'(311) 335-8789'),(333,'Herman Noel','cras.lorem@hotmail.com','VSB87MAT1OY','DFG12PMP8IU','Ap #885-5490 Tellus. St.','Shillong','Himachal Pradesh',228836,'(757) 943-2223'),(334,'Evangeline Bauer','massa.non@google.org','YNI28YZY2CG','XCH27HJI7VL','658-9254 Convallis Rd.','Nagaon','Chandigarh',522567,'(656) 848-8523'),(335,'Cherokee Best','hendrerit@protonmail.couk','WFG34OGW7PW','XCR36NWZ6UJ','Ap #776-4887 Neque Rd.','Kohima','Odisha',788665,'(387) 687-8345'),(336,'Ira Foreman','in.lobortis.tellus@google.ca','KHE82ECL1TW','QDF71REB7XM','Ap #810-4334 Adipiscing Avenue','Panjim','Dadra and Nagar Haveli',703728,'(661) 243-5924'),(337,'Grady Ratliff','sem@aol.com','UTS56RJO7GW','HCZ35MHO3IX','4396 Metus Ave','Mandya','Gujarat',569945,'(863) 864-7307'),(338,'Odessa Fields','nulla.aliquet@protonmail.ca','DFG39DSG8DP','GLM39TCM5GG','Ap #154-8152 Sem. Av.','Kohima','Jharkhand',871517,'(257) 545-5583'),(339,'Belle Wilcox','a.auctor@yahoo.com','ASH27BDT4QA','TKF10IRV0EV','Ap #894-9613 Quisque Avenue','Rampur','Uttarakhand',290152,'(269) 562-6501'),(340,'Keelie Bentley','mauris.sagittis@protonmail.net','WPG57ZYY7BK','DZS58DGQ5KE','Ap #283-270 Enim. Ave','Jaipur','Tamil Nadu',410174,'(418) 554-5186'),(341,'Yuli Massey','phasellus.dolor@outlook.com','BDO21REB5FN','SYT06QPU2DW','792-2119 Sollicitudin Avenue','Daman','Andaman and Nicobar Islands',798384,'(581) 762-1060'),(342,'Aiko Carroll','sem.semper.erat@protonmail.couk','UVX03SFY5FQ','IRR66HEY6FQ','321-5128 Auctor Av.','Vadodara','Kerala',414571,'(335) 588-3737'),(343,'Ciaran Matthews','nunc.ullamcorper.eu@icloud.com','HWT92YPM3XJ','VWE85YDP2DT','292-496 Sed Ave','Port Blair','Lakshadweep',182912,'(563) 698-2374'),(344,'Althea Mcdonald','accumsan.convallis.ante@protonmail.com','DGS64MDT6UO','QJV55EOK3YC','5448 Odio Rd.','Imphal','Himachal Pradesh',934842,'(765) 438-1368'),(345,'Laith Lopez','vitae.mauris@yahoo.com','ERK91IME0SY','PYF71WJT1OW','4132 Rhoncus. St.','Delhi','Uttar Pradesh',912133,'(551) 738-3581'),(346,'Eleanor Blackwell','et.malesuada@protonmail.com','UEE02PNP0YV','WOM02HCQ0FT','301-4085 Ut Road','Shimla','Daman and Diu',447714,'(918) 588-4396'),(347,'Noah Cervantes','eros.nec@hotmail.org','TOZ32TGE7EG','RKR58OPZ3ST','P.O. Box 190, 4524 Enim. Rd.','Silvassa','Chhattisgarh',741741,'(666) 481-0207'),(348,'Buckminster Hines','proin@protonmail.ca','UBW93LUQ3SP','JMY46FZM6FG','793-7467 Mus. Street','Kavaratti','Lakshadweep',638138,'(718) 284-8624'),(349,'Jorden Chan','purus.nullam.scelerisque@aol.org','EOQ81AXA3QP','HFW80HDH4BW','335-8947 Sagittis Ave','Baidyabati','Mizoram',772543,'(204) 494-4813'),(350,'Winter Greer','consectetuer.euismod@hotmail.org','OHM81XTJ6NE','VQU81OPD1FJ','7482 Mauris Rd.','Raj Nandgaon','Manipur',797506,'(776) 543-5466'),(351,'Fay Emerson','tellus.faucibus@google.edu','LQH56LVI5QH','VTH76INK5YT','P.O. Box 310, 5909 Ipsum Street','Barahanagar','Madhya Pradesh',581402,'(626) 506-6751'),(352,'Lacey Wilkins','sed.dictum@outlook.ca','XKW05YPY3OQ','ZQP33VOD2LO','584 Euismod St.','Akola','Maharastra',776240,'(664) 845-5169'),(353,'Emily Haley','proin.dolor@google.org','BZX76OOU6WF','TMT61PGO0QE','Ap #441-4021 Est. Rd.','Itanagar','Tripura',216258,'(257) 964-3724'),(354,'Guinevere Roth','ornare@google.org','GHT69WCB8US','CIE48VCY4QP','Ap #527-7177 Accumsan Rd.','Haridwar','Tamil Nadu',323653,'(791) 880-6873'),(355,'Cade Garrett','eleifend.vitae@outlook.ca','TRO80DPE2EI','PRT06VXU2OT','5158 Vitae St.','Silvassa','Uttarakhand',775437,'(210) 605-5812'),(356,'Zachary Taylor','blandit.mattis@protonmail.edu','GTR18SQZ6PJ','NWB84YKU2HU','592 Semper St.','Hisar','Delhi',545887,'(686) 342-1263'),(357,'Jakeem Mccarty','sed@aol.net','HFB73GKJ4DN','IFU85QCO8TP','709-1094 Tristique Rd.','Itanagar','Pondicherry',420150,'(564) 224-2161'),(358,'Cyrus Suarez','amet.metus@hotmail.org','KPR82YTC7CH','CPP62ZCU4MP','P.O. Box 836, 6993 A St.','Bhatinda','Chhattisgarh',277262,'(763) 792-0358'),(359,'Hanna Perez','sed.turpis@icloud.ca','YQH37QEY9BM','WDI43LXH5EI','276-4447 Quis Road','Karnal','Uttar Pradesh',458352,'(115) 372-7488'),(360,'Pearl Morrison','faucibus.lectus@protonmail.edu','YVI68DTP5PU','FYV37UMB1YG','P.O. Box 341, 9678 Arcu Ave','Jaipur','Uttarakhand',652215,'(468) 894-6763'),(361,'Rudyard Lott','lobortis.nisi@outlook.org','QQF98BZM4DC','TCC71PTL5HH','332-3612 Cursus Road','Panihati','Goa',555440,'(778) 117-6223'),(362,'Cynthia Fisher','ut.nec.urna@icloud.com','KUR65XUK1NS','HOS56IZT7LO','971-8002 Sed Avenue','Raurkela','Arunachal Pradesh',966975,'(853) 375-2756'),(363,'Brielle Finch','neque@google.com','LCT88HBZ1QS','AMR88KYP8GY','P.O. Box 186, 531 Duis Av.','Mysore','Lakshadweep',574200,'(881) 262-1074'),(364,'Deacon Chase','enim.condimentum@google.ca','KMY98QVZ6VA','NLR74HVK7IU','946-4459 Nunc Ave','Agartala','Rajasthan',855784,'(239) 277-3746'),(365,'Idola Herman','ut.pharetra@protonmail.com','WIB54TLF4IX','VUE45TXY0SM','210-5918 Euismod Street','Bhimavaram','Kerala',856720,'(924) 331-1754'),(366,'Sharon Barrera','commodo.hendrerit@google.ca','EOU40UWK0DV','LSX15LCO7YP','141-7069 At Rd.','Srinagar','Maharastra',665584,'(871) 666-5195'),(367,'Denton Cannon','cum.sociis@outlook.com','TGT42DVR7HU','DJT24NXQ6XI','366-8559 Dui, St.','Pali','Uttarakhand',980242,'(562) 742-0278'),(368,'Kelly Reese','metus.eu@google.edu','PNU41BJO9VS','NVC44EGP7PY','Ap #444-3102 Vel, Rd.','Imphal','Lakshadweep',523764,'(322) 234-5689'),(369,'Uriah Benton','turpis.aliquam.adipiscing@outlook.edu','CWJ92EBH4MU','YFN56FQS8KD','373-3115 Lobortis Rd.','Okara','Sikkim',313498,'(737) 376-5240'),(370,'Ramona Quinn','vehicula.pellentesque.tincidunt@yahoo.ca','HPI72QPY8DQ','JTF05QNL9JH','798-4849 Egestas St.','Chandigarh','Jammu and Kashmir',440054,'(766) 315-6732'),(371,'Josiah Holloway','imperdiet.ornare@icloud.net','TSK27USU3ZC','DVB79XFU4WG','176-8126 Iaculis Street','Ajmer','Lakshadweep',621530,'(727) 863-7138'),(372,'Ima Dale','lobortis.risus@hotmail.net','YQL43QBS4JM','FEE75BFV8KH','P.O. Box 557, 7416 Tristique St.','Champdani','Himachal Pradesh',924445,'(687) 203-5427'),(373,'Jessamine Blake','nulla.vulputate.dui@aol.net','KZA12PDF2KX','WKO58VNH7PH','1273 Tristique Rd.','Cuttack','Andhra Pradesh',910247,'(734) 280-7783'),(374,'Chanda Wade','fermentum.vel.mauris@aol.ca','GDB24POR8HG','YTU61DQQ0IS','Ap #593-6655 Sit Street','Pathankot','Andhra Pradesh',477888,'(324) 680-6588'),(375,'Gavin Davenport','vitae@icloud.couk','MIZ32CJK6MT','OBC63TLP5JC','1082 Feugiat St.','Delhi','Gujarat',425109,'(181) 210-1525'),(376,'Ivory Klein','a.feugiat.tellus@outlook.edu','SSZ44EGW1FY','CPL21TWB3RB','Ap #338-2775 Porttitor Rd.','Shillong','Andhra Pradesh',503503,'(769) 821-2476'),(377,'Nathan Alford','fringilla@aol.org','FCH80NYH6TC','IVD01DGK5JJ','Ap #593-768 Dui, Rd.','Port Blair','Bihar',507102,'(713) 333-1524'),(378,'Berk Wells','dignissim@outlook.edu','MNB83RHI4DL','GWZ57UBK0EQ','219-281 Ornare Ave','Muzaffarpur','Goa',486491,'(261) 124-4278'),(379,'Nasim Estes','odio.etiam.ligula@protonmail.couk','QJR95TZF1KO','YKM83XZY0NY','Ap #214-5386 Integer Rd.','Muzaffarnagar','Bihar',492051,'(446) 242-1808'),(380,'Brandon Combs','sed.dictum@yahoo.edu','FMC16UDR7QL','MVM74JVF6IC','127-9911 Velit. Ave','Imphal','Punjab',447492,'(295) 677-0423'),(381,'Dacey Dillon','nulla.semper@yahoo.couk','VLW78DJE1DU','GYM88CTU6LI','Ap #831-1924 Ac Rd.','Pune','Kerala',887758,'(387) 803-3151'),(382,'Marshall Love','consequat@aol.com','SGD72QVL4DW','MUB33KWN6PE','326-1038 Ipsum Road','Mumbai','West Bengal',312723,'(293) 576-9163'),(383,'Ferdinand Bray','cum.sociis@outlook.couk','ASJ19TID8ZF','NBP62SOM2KJ','P.O. Box 970, 5310 Cursus. Ave','Bellary','Haryana',407523,'(552) 978-5174'),(384,'Jayme Key','ipsum@hotmail.com','LKP52JTQ4LS','DDH22YBC8WD','Ap #175-1936 Lectus Road','Murwara','Karnataka',368262,'(582) 888-8115'),(385,'Cadman Williamson','elit@hotmail.org','ZDL57YIX9ST','IVS25DCM3KC','Ap #929-8419 Ante Avenue','Itanagar','Uttar Pradesh',340802,'(386) 882-8738'),(386,'Roth Erickson','mi@google.ca','KKE34HIC5QW','UYF63BNC6QB','819-2196 Ultricies St.','Port Blair','Meghalaya',728127,'(755) 864-1264'),(387,'Deanna Becker','nulla@aol.net','SSL72CYF3NR','RYB16KHD3YX','Ap #262-9892 Leo. Rd.','Jhelum','Daman and Diu',246886,'(346) 872-3704'),(388,'Alexa Mayo','luctus@yahoo.ca','NHT42WBO5QJ','XED35OIS3OS','400-7625 Sociis Rd.','Shillong','Odisha',642534,'(781) 741-8519'),(389,'Lacota Rivas','accumsan.neque@icloud.net','YOD16SEY6YC','UNV65TMM1QE','5798 Tellus. Av.','Itanagar','Mizoram',578785,'(357) 943-1513'),(390,'Kirby Fitzgerald','odio.tristique.pharetra@icloud.edu','MOU47XHT2OY','FKD17CZL8OB','Ap #550-2479 Bibendum Rd.','Silvassa','Jharkhand',325663,'(889) 740-5140'),(391,'Florence Weaver','lorem@aol.couk','ORC70QEN7FS','VXM58YWB6CG','4604 At St.','Nanded','Gujarat',372561,'(514) 335-5723'),(392,'Lucy Perkins','at@icloud.edu','QJP75XWT5JU','ZVM51MIF5AB','757-5990 Fermentum Rd.','Dibrugarh','Uttarakhand',105783,'(415) 947-6665'),(393,'Aidan Russell','et.ultrices.posuere@yahoo.com','TXT34VRW3RC','QSP78LGD9SP','688-8075 Imperdiet Avenue','Srinagar','Kerala',825586,'(683) 285-7730'),(394,'Britanney Bryan','sit.amet@yahoo.org','LYX60SJG4GU','NKB21DPS1YE','8575 Nam Av.','Mira Bhayandar','Mizoram',157736,'(422) 249-6219'),(395,'Lunea Santiago','lorem@yahoo.org','BTX84LTK5CP','WFG12OZQ2JY','Ap #991-4406 Sed St.','Itanagar','Himachal Pradesh',759654,'(248) 540-7423'),(396,'Kirsten Carroll','vel.arcu@google.net','IUN18FMB3NJ','HCN83ORM5LW','176-5584 Id, Street','Kohima','Tripura',809652,'(381) 311-7357'),(397,'Lenore Baxter','feugiat@icloud.couk','WVU65VWM5TW','GBU55PXU3GC','5467 Nec St.','Gwalior','Delhi',691827,'(663) 726-0897'),(398,'Raja Cardenas','viverra@aol.edu','KOA41TUM5ET','KYR47GHR0LW','P.O. Box 532, 5916 Pulvinar Road','Kollam','Jammu and Kashmir',391786,'(906) 751-6852'),(399,'Cade Reyes','mi@outlook.ca','WBI55HLQ6RE','CCU62MCK8XO','858-2366 Lorem, St.','Durgapur','Arunachal Pradesh',858360,'(116) 832-3408'),(400,'Kiona Guerra','eros.nec@google.edu','YOB11UVF4CK','PHD94AXN2OP','629-8108 Tincidunt Road','Shimla','Jharkhand',365414,'(781) 700-3113'),(401,'John Rosario','ut.pellentesque@icloud.couk','SOF37WYZ1XQ','EAB44GCO8ZR','Ap #617-820 Nam Avenue','Gangtok','Meghalaya',801759,'(860) 804-7398'),(402,'Vernon Barber','scelerisque.scelerisque@aol.edu','EIB60SLZ3YQ','CFV46QZQ8QY','Ap #538-5058 At, Street','Imphal','Mizoram',223505,'(485) 851-3473'),(403,'Calista Mckee','ornare@hotmail.ca','HTF17PHS5YE','BOM28BGV9RE','P.O. Box 842, 1796 Tempor Rd.','Panjim','Manipur',762798,'(662) 836-2354'),(404,'Burton Kline','egestas@hotmail.net','MJU03TNH9FC','TVB87VXP7YN','Ap #518-1148 Euismod Street','Durg','Chandigarh',500628,'(323) 395-3311'),(405,'Grace Rojas','sit.amet@yahoo.net','VWF33MQF7FC','YNO92YUS5FG','Ap #132-8921 Ultricies Avenue','Daman','Pondicherry',278665,'(987) 554-4801'),(406,'Cally Fowler','lorem@yahoo.couk','XQZ98NQC2NZ','QFZ37KHE6TJ','P.O. Box 199, 9270 Ridiculus Road','Aligarh','Rajasthan',886513,'(614) 582-0963'),(407,'Gretchen Ellison','sed.pede@hotmail.edu','YNO52TWY8TY','HMU72BEU8OH','317-2946 Ante. Ave','Pondicherry','West Bengal',614738,'(366) 391-1175'),(408,'Keith Ramsey','aenean.massa@google.edu','YUT75SUP7UQ','UVV20PHJ1FR','Ap #217-5639 Phasellus Street','Agartala','Punjab',541186,'(812) 862-7348'),(409,'Gage Barron','morbi.metus@icloud.com','IMN74JZK4LU','MTG55IDE4CC','Ap #455-1190 Duis Street','Nashik','Gujarat',654179,'(114) 996-4344'),(410,'Donna Le','accumsan.convallis@yahoo.couk','LIB22MDV1YZ','GLO77WWC3NY','761-6918 Enim. Av.','Agartala','Goa',214672,'(610) 749-7828'),(411,'Ferris Simon','nec.mollis.vitae@yahoo.net','QHO62MJW9DL','PJN28PDZ1BO','Ap #729-7686 Duis Ave','Aizwal','Tripura',644697,'(820) 550-7394'),(412,'Maxine Hobbs','orci.consectetuer@icloud.edu','NLW81UOH8JL','TZE17DPN3BN','232-3105 Ut Rd.','Gangtok','Gujarat',544196,'(833) 685-1256'),(413,'Sophia Ratliff','lectus.pede@google.org','FLS54JMD7YH','RSH44WVK7IY','Ap #230-6607 Sed Avenue','Shillong','Punjab',503536,'(794) 285-5223'),(414,'Imogene David','amet.massa@protonmail.ca','CAI71QRV2WM','UYH05HSO1SK','272-3205 Hendrerit Street','Silvassa','Meghalaya',171582,'(534) 251-4307'),(415,'Devin Davidson','massa.vestibulum.accumsan@protonmail.ca','BTN67MUQ7UM','HET49BRL4EI','P.O. Box 805, 885 Vitae, Road','Srinagar','Madhya Pradesh',344311,'(625) 743-4423'),(416,'Channing Hebert','dis.parturient@google.net','WFH61CKI1WM','QFD51JUH3SK','360-961 Tortor. Street','Haridwar','Mizoram',884077,'(342) 371-9469'),(417,'Byron Leon','nulla.eu@google.ca','NLH41BIO2CJ','UWM83YRH2OB','7089 Metus. Av.','Port Blair','Jharkhand',776422,'(885) 536-3932'),(418,'Quyn Mclean','lorem.ut@protonmail.org','CBV61WOW3GJ','FES68TXG4OW','614-9820 Phasellus Rd.','Bharatpur','Manipur',712602,'(534) 968-6632'),(419,'Flavia Lowery','mi@yahoo.org','MOG37LSQ8QP','TXK83YDT4EF','6784 Hymenaeos. St.','Agartala','Goa',863764,'(834) 536-2871'),(420,'Stephen Frederick','in.consequat@outlook.org','OXG43ILU3KK','NKX22YSO2IQ','Ap #104-1381 Amet, Rd.','Daman','Karnataka',603831,'(538) 272-5514'),(421,'Pearl Knight','nunc.pulvinar@hotmail.edu','OWT65SOU8DU','ZTR33JGM3VC','463-5744 Lacus. Rd.','Faridabad','Assam',466156,'(179) 389-5858'),(422,'Jarrod Hewitt','urna.nullam.lobortis@icloud.com','HUN64FMM5YW','VLB28LSD2WG','Ap #156-2455 Ornare, Rd.','Shimla','Meghalaya',245153,'(530) 886-5725'),(423,'Rebecca Medina','urna.convallis@icloud.net','DBV78QLY1GF','TYU30SLW3GU','7335 Vitae Road','Imphal','Chandigarh',228355,'(827) 165-6828'),(424,'Thaddeus Anderson','sodales.nisi@hotmail.com','KVM97HCS7TP','POU06VOL3RZ','P.O. Box 769, 6118 Vulputate Street','Bidar','Karnataka',258162,'(580) 516-5243'),(425,'Melissa Dunn','nulla@yahoo.com','YBP32PSX9EX','PPG77OLG7FB','Ap #412-6709 Donec Ave','Beawar','West Bengal',259690,'(866) 657-6235'),(426,'Lars Hughes','urna@icloud.couk','UYL02ECK7EZ','LXY78FDJ3FC','1439 Nec, St.','Silvassa','Arunachal Pradesh',898735,'(658) 341-1058'),(427,'Linda Chavez','non.lacinia.at@hotmail.edu','LWX73QNM8ZR','CSP77OKE5QX','925-3007 Donec Rd.','Srinagar','Goa',455120,'(616) 525-5828'),(428,'Ferris Hale','dolor.elit@outlook.org','GOY15TXG0OH','UYT74KKZ8NN','680-198 Proin Road','Bhilwara','Uttar Pradesh',904527,'(588) 843-1503'),(429,'Aaron Gutierrez','metus.aenean@hotmail.ca','GFR86DIV8VE','NKN12WSP2OS','556-3628 Commodo Road','Delhi','Uttarakhand',621742,'(315) 662-7334'),(430,'Stacey Duffy','augue.scelerisque@outlook.couk','DXU86HAV9YL','LRQ95RGJ6YF','P.O. Box 875, 3091 Nec, Rd.','Kohima','Andaman and Nicobar Islands',776567,'(649) 416-3437'),(431,'Chanda Berger','elit.etiam.laoreet@aol.com','BYW22ANP8DP','MOS76LPP5JB','105-6261 Enim. Av.','Raj Nandgaon','Assam',393485,'(785) 471-0026'),(432,'Adrian Adkins','mi@hotmail.ca','ONO61JKX8XG','OFN14QGP0SE','Ap #724-5706 Lobortis. Street','Mandi Bahauddin','Bihar',241952,'(518) 890-0986'),(433,'Haviva Dale','a.dui@icloud.ca','LTO97XBP1FN','NGR70DOQ8WK','205-6736 Et, Av.','Pondicherry','Haryana',820156,'(195) 450-4882'),(434,'Berk Bennett','cras.dictum@yahoo.org','WFI65CAH1ZU','HKG04IFN4UK','745-6083 Gravida. Road','Raigarh','Arunachal Pradesh',682673,'(975) 772-9537'),(435,'Xenos Kent','interdum.feugiat@aol.ca','KRR39QVO7IL','OVY36OBC6UQ','P.O. Box 177, 4403 Dictum Street','Srinagar','Himachal Pradesh',521843,'(674) 431-5833'),(436,'Keaton Sandoval','cras.convallis.convallis@aol.com','HXW31RPR2HK','PRD53JXF4IZ','Ap #302-1646 Pretium Rd.','Bijapur','Daman and Diu',553773,'(470) 228-6693'),(437,'Ulysses Ortiz','nunc@yahoo.org','XXY51SEN2NZ','KWE58MKG5QL','416-3654 Amet Av.','Aizwal','Uttar Pradesh',153014,'(528) 374-3326'),(438,'Roanna Orr','fusce.feugiat.lorem@icloud.ca','KDZ54BVW3RE','SNX54WXC9WH','P.O. Box 946, 874 Vestibulum Street','Ingraj Bazar','West Bengal',601508,'(691) 765-4611'),(439,'Marny Sears','ante.dictum@outlook.org','TND17OMQ1BP','OYF80TBF3CW','596-8943 Ac Rd.','Kavaratti','Assam',747750,'(688) 188-8159'),(440,'Hiroko Barry','sit@yahoo.ca','PLS50KCR7SB','MIL55TVF3YB','2913 Fusce St.','Chandigarh','Chhattisgarh',167432,'(745) 911-9946'),(441,'Rooney Nielsen','massa@icloud.net','IYJ97BOS9HA','MHD10JFC5VR','702-4315 Donec Av.','Shillong','Chhattisgarh',351182,'(282) 205-6545'),(442,'Ivan Decker','porta.elit@google.ca','KGU92JNN0EO','CTR66WNR5HP','977-5758 Ullamcorper. Rd.','Nagaon','Maharastra',302611,'(543) 468-1508'),(444,'Jarrod Weaver','dolor.nonummy@yahoo.couk','HCS32OSP9QL','LCJ46MVQ7HQ','Ap #336-4714 Ligula Rd.','Modinagar','Mizoram',875935,'(558) 331-4114'),(445,'Bruno Blevins','pellentesque.eget@hotmail.couk','ROQ59IIZ1EO','YWQ21DIO1MY','582-6726 Nullam Rd.','Satna','Uttarakhand',579570,'(776) 562-2327'),(446,'Mallory Schroeder','cras.lorem.lorem@hotmail.ca','YNO62CFU2EB','DBS18GSC8YC','Ap #489-8242 Habitant Road','Aizwal','Sikkim',165869,'(162) 708-8566'),(447,'Anjolie Evans','laoreet.libero@yahoo.ca','TBU93IQP2CM','VRB09VXG5SW','6267 Malesuada Rd.','Shivapuri','Assam',612710,'(155) 650-8534'),(448,'Arthur Fisher','feugiat@outlook.couk','CVX88TSC9CD','GKL82UQI3EA','1385 Morbi St.','Gangtok','Odisha',642335,'(443) 347-2202'),(449,'Nomlanga Norris','nunc.quisque.ornare@icloud.couk','MID40XRO5HH','REV25PKV3WY','Ap #146-1481 Eu, St.','Dhanbad','Delhi',976483,'(584) 754-1675'),(450,'Dante Meadows','commodo.hendrerit.donec@aol.com','GXW45DCC8XI','NPU14FDX8DP','798-3713 Nonummy Av.','Lucknow','Meghalaya',163566,'(735) 536-5486'),(451,'Kylie Steele','faucibus.orci.luctus@aol.edu','RHT46HNF6AX','DRC32VMW8SJ','818-3155 Nulla Street','Bally','Goa',125513,'(166) 354-6943'),(452,'Hayes Potter','semper.cursus@yahoo.edu','EFI26QJF8VX','MFF58KNM4BX','809-5361 Nunc Av.','Silchar','Arunachal Pradesh',349396,'(424) 561-9657'),(453,'Colette Frederick','tincidunt.vehicula@protonmail.ca','XIG36JNM8EJ','SMR31GCM7ET','1519 Ut, Road','Shillong','Tamil Nadu',869497,'(727) 334-5353'),(454,'Mariko Mcguire','nam@aol.com','MNV80GQO8WW','JGC85ZDC1BL','P.O. Box 760, 5208 Nunc Rd.','Thalassery','Lakshadweep',566234,'(478) 648-5482'),(455,'Evelyn Bean','non.lacinia@google.ca','WJS42ZCE6TB','PQG32WHE4NR','620-2359 Non, Av.','Imphal','Jammu and Kashmir',555679,'(169) 250-8471'),(456,'Jonas Drake','orci@outlook.org','ENC79STI7JZ','HFX57JNB5CV','851-4367 Quis Road','Kavaratti','Bihar',154345,'(286) 278-2464'),(457,'Yeo Pratt','imperdiet.ullamcorper.duis@aol.net','EEJ07EAO9CW','PWU86OLY7HN','Ap #175-4452 Molestie. St.','Puri','Uttar Pradesh',718635,'(748) 101-0851'),(458,'Brenden Skinner','amet.nulla.donec@aol.com','OQJ37HJE5XI','CSS44PAU5EL','6882 Mollis. Street','Kanchipuram','Lakshadweep',527141,'(441) 339-1543'),(459,'Olivia Lang','lorem.fringilla@aol.ca','PNA29MWQ2KC','FEZ27JQL4TH','P.O. Box 105, 8958 Quis, Ave','Jaranwala','Manipur',123922,'(883) 584-6832'),(460,'Audra Parker','morbi.quis@aol.org','BEF76UGD8WV','KTM37DEG6YJ','Ap #752-3441 Diam Av.','Delhi','Andhra Pradesh',836766,'(142) 855-5665'),(461,'Chancellor Cotton','mauris.vel@yahoo.com','CLE83AGO4DR','WSK12NNG1XE','979-3457 Velit. Av.','Shimla','Nagaland',233473,'(300) 144-2156'),(462,'Dean Mcclain','in@aol.org','IEW74KYJ0NK','YWI92IGC7VC','Ap #113-9756 Tortor. St.','Chandigarh','Sikkim',731336,'(952) 222-6964'),(463,'Kim Hale','lacus@hotmail.ca','JUE64NFQ1GZ','PEK75NHR1UF','Ap #740-5969 Non Ave','Puri','Andhra Pradesh',523189,'(572) 584-1748'),(464,'Sean Chase','dictum.phasellus@aol.org','OQC89RRJ5CX','ESB72NQE4OL','Ap #102-235 Amet St.','Shillong','Jharkhand',666424,'(538) 476-8223'),(465,'Madison Parker','augue.eu@hotmail.ca','EJL16SBU2AK','IDN00HQL6HP','P.O. Box 191, 2355 Et Rd.','Tirunelveli','Himachal Pradesh',486030,'(714) 237-9481'),(466,'Graiden Burton','hendrerit@google.couk','DRR01LAQ4PJ','GWM03KRM1FH','881-1774 Nullam Road','Shillong','Madhya Pradesh',722115,'(888) 837-3311'),(467,'Galvin Silva','ornare@outlook.net','VHN38IFL1EF','FNJ42QIO0TV','857-4151 Arcu St.','Darbhanga','Tripura',887851,'(569) 186-4633'),(468,'Jack Rosales','accumsan.laoreet@aol.com','OZB93EGR8AI','UUF15VNO4JE','5653 Nibh. Avenue','Haridwar','Karnataka',942482,'(531) 614-5826'),(469,'Colt Ball','bibendum.donec.felis@yahoo.net','EVJ56IPX4LC','KGF20SMS3QD','P.O. Box 771, 5848 Feugiat Av.','Panjim','Delhi',725945,'(383) 548-2214'),(470,'Althea Hopper','sed.dolor.fusce@hotmail.ca','JEE55LZQ8SH','RHC22OSL4TH','774-3862 Purus St.','Neyveli','Odisha',168672,'(340) 535-5310'),(471,'Uriah Vaughn','eu.ultrices@hotmail.couk','NDH35PXX6CP','FIY36CYM6XU','Ap #546-4911 Viverra. St.','Kavaratti','West Bengal',325314,'(745) 178-4194'),(472,'Paul Leon','hendrerit.id.ante@yahoo.com','OHI61UMJ5TQ','OXW52QWY5IJ','Ap #235-349 Aliquet. Ave','Bhatpara','Chandigarh',228142,'(236) 626-8376'),(473,'Deacon Bryan','ipsum.porta@yahoo.org','CEY26ZYR2YL','DFP11UUL8KA','347-9727 Sed Road','Daman','Dadra and Nagar Haveli',458634,'(235) 844-7035'),(474,'Stewart Greene','quisque@icloud.ca','YYQ90CNJ9SD','WOR79SWV1OJ','887-6873 Est, Ave','Haldia','Chhattisgarh',134431,'(844) 412-5647'),(475,'Avye Vazquez','eget.venenatis.a@aol.org','CVN81BNT5KP','RUG71XUX3OQ','Ap #252-2444 Vel, Av.','Kozhikode','Chhattisgarh',157803,'(218) 208-1853'),(476,'Chaney Wong','lorem.lorem@protonmail.ca','VSK96NBK3XM','KJV64XEV7GY','P.O. Box 955, 4663 Cursus Ave','Munger','Jammu and Kashmir',274279,'(432) 213-6447'),(477,'Laura Shaw','lacus@google.ca','WYK34RSQ4FH','PLP52YPK2NE','3056 Rhoncus Avenue','Haridwar','Gujarat',677853,'(992) 446-3637'),(478,'Ezra Sharp','diam@icloud.ca','OWB56VJK5RU','FQD57PGT8RA','P.O. Box 840, 2296 Nisi St.','Srinagar','Pondicherry',726748,'(607) 185-9422'),(479,'Echo Byers','ut.nisi@aol.edu','YBJ89TBW6LL','YCT26SCN9PJ','808-9195 Velit St.','Dibrugarh','Dadra and Nagar Haveli',329737,'(464) 443-6122'),(480,'Lila Joyner','faucibus.id.libero@outlook.net','XVJ28WSS4KS','FQS12ROK2MC','2055 Augue Road','Jammu','Himachal Pradesh',814223,'(613) 630-4422'),(481,'Alan Solomon','amet.lorem@google.ca','QNS21XNP6OT','MPQ64ETO3LL','Ap #426-9880 Augue Road','Shillong','Sikkim',317854,'(563) 931-4328'),(482,'Zenia Hale','turpis@outlook.net','VNL22BWS0JN','KYK25VMW0LV','3430 Velit. Av.','Burhanpur','Uttarakhand',734986,'(732) 322-6874'),(483,'Charde Saunders','et.euismod.et@aol.couk','BJY51UYV2LC','NMK62QCN8KE','Ap #716-7016 Dolor Rd.','Pondicherry','Chhattisgarh',438292,'(231) 673-5331'),(484,'Ronan Bridges','ipsum@outlook.com','DRJ98WOQ1XS','PPY39IFF3XC','P.O. Box 388, 7394 Vitae Street','Bharatpur','Himachal Pradesh',338744,'(356) 447-0466'),(485,'Zenaida Marsh','aenean.massa.integer@hotmail.org','KWL47LYS1WL','GGR21HXO3NW','P.O. Box 826, 3853 Vulputate Road','Dehradun','Andhra Pradesh',945455,'(620) 831-8534'),(486,'Tobias Cruz','feugiat.placerat.velit@hotmail.org','MUC54DDN7KC','DLC61KDX8WB','P.O. Box 285, 9643 Risus, Avenue','Shillong','Manipur',711848,'(805) 566-5138'),(487,'Gisela England','a.purus@yahoo.edu','XUH71XUV5CI','ZLJ44ZEC1HB','Ap #807-8054 Augue, Avenue','Murwara','Nagaland',418434,'(226) 496-4382'),(488,'Rinah Boyle','ante.bibendum@hotmail.org','SJM33KHD5CJ','OYZ01ZCR7CW','4220 Neque. St.','Delhi','Chhattisgarh',964847,'(215) 669-2647'),(489,'Cara Barber','convallis.convallis@google.net','JKJ82LRW5SI','LVO06KGW4XR','748-5074 Orci Ave','Gangtok','Uttarakhand',227227,'(297) 338-2151'),(490,'Ashely Santos','commodo.auctor@google.edu','WVY81EEP1PW','BCD26UEJ0JT','Ap #840-4347 Praesent St.','Agartala','Jammu and Kashmir',221255,'(391) 566-5422'),(491,'Geraldine Humphrey','auctor.velit.aliquam@aol.edu','CBY64FTI0MG','PEU28AUA8SE','Ap #941-6530 Vivamus Av.','Shimla','Punjab',758818,'(882) 462-4713'),(492,'Sylvia Walker','lorem.luctus@aol.org','TWU31QHR6YQ','ORN31WWV9UJ','142-4143 Leo, St.','Delhi','Punjab',772306,'(736) 890-7908'),(493,'Justina May','dis.parturient@yahoo.org','ZCK36NWW2CO','KTX23UKQ1HL','6105 Tempus Av.','Puri','Uttarakhand',572639,'(837) 176-5708'),(494,'Hannah Herman','quam.pellentesque@yahoo.couk','CPS78LRG7EI','SYM68OHO5YJ','P.O. Box 783, 5873 Morbi Rd.','Rajapalaiyam','Rajasthan',870537,'(836) 845-3433'),(495,'Rachel Rosales','id@google.couk','DRH88RZE7KF','SPX46ONV9JB','966-7958 Dis St.','Rahim Yar Khan','Dadra and Nagar Haveli',711461,'(837) 461-6236'),(496,'Cooper Clayton','curae.donec@aol.couk','YRR52TYK6SL','ODV44UKH7AT','5990 Quis Rd.','Guwahati','Jharkhand',656055,'(987) 371-7176'),(497,'Wanda Dillon','id@hotmail.ca','QKR47FHA5VV','KNY56VID2RH','5551 Orci Avenue','Chandigarh','Daman and Diu',630861,'(532) 476-3134'),(498,'Amena Rodriguez','aliquam.iaculis@hotmail.ca','MJL47BMP8BO','QYB31OPN8BD','Ap #320-5919 Vitae Street','Pondicherry','Madhya Pradesh',921090,'(357) 795-7424'),(499,'Kamal Burris','luctus.sit.amet@icloud.edu','ACL05QNL7GS','TXF81ZOG7OW','Ap #625-4195 Imperdiet St.','Haridwar','Meghalaya',625166,'(726) 856-8090'),(500,'Chloe Morales','nunc.quis@icloud.edu','YQT75KMH4OL','ETH83YNN0WA','229 Consectetuer Av.','Jammu','Assam',226359,'(857) 438-2448');
/*!40000 ALTER TABLE `customers` ENABLE KEYS */;
UNLOCK TABLES;

--
-- Table structure for table `del_partners`
--

DROP TABLE IF EXISTS `del_partners`;
/*!40101 SET @saved_cs_client     = @@character_set_client */;
/*!50503 SET character_set_client = utf8mb4 */;
CREATE TABLE `del_partners` (
  `dp_ID` int NOT NULL,
  `password` varchar(256) NOT NULL,
  `name` varchar(256) NOT NULL,
  `rating` int DEFAULT '3',
  `admin_id` int NOT NULL,
  PRIMARY KEY (`dp_ID`),
  KEY `admin_id` (`admin_id`),
  CONSTRAINT `del_partners_ibfk_1` FOREIGN KEY (`admin_id`) REFERENCES `admins` (`admin_id`),
  CONSTRAINT `del_partners_chk_1` CHECK (((1 <= `rating`) <= 10))
) ENGINE=InnoDB DEFAULT CHARSET=utf8mb4 COLLATE=utf8mb4_0900_ai_ci;
/*!40101 SET character_set_client = @saved_cs_client */;

--
-- Dumping data for table `del_partners`
--

LOCK TABLES `del_partners` WRITE;
/*!40000 ALTER TABLE `del_partners` DISABLE KEYS */;
INSERT INTO `del_partners` VALUES (1,'VQN15MNI2LV','Merritt Galloway',4,47),(2,'XDF87UOK4BT','Lareina Valenzuela',5,4),(3,'MMM62WLJ6CY','Alfonso Martinez',4,75),(4,'VKL19YLF6EU','Kathleen Haynes',8,33),(5,'BUF73MZI3WF','Joelle Ruiz',7,15),(6,'GKY20KTG8UX','Ivan Harding',5,22),(7,'SUJ98COU2CH','Andrew Butler',7,85),(8,'IFA17ENH6JS','Edan Fernandez',1,76),(9,'WJE21KFA6RA','Rowan Cervantes',8,88),(10,'NUX83JEX6EN','Jeremy Beck',8,52),(11,'EVX48KLX6BQ','Yeo Wiggins',9,61),(12,'PUS16EPV6EY','Wesley Peters',6,69),(13,'EPO48DVX1FD','Barclay Howell',9,38),(14,'RVD32WBD8SH','Anthony Bass',6,16),(15,'TPJ86ULB9GQ','Tucker Nielsen',7,10),(16,'WJI34WLL7OI','Richard Langley',7,70),(17,'JYD83RVU5VI','Griffith Patterson',6,11),(18,'VTH07PHV5WN','Robert Mejia',6,86),(19,'SLA01BOW3RM','Keely Guerrero',8,67),(20,'LVP23ELJ8GT','Dustin Morales',2,25),(21,'IHP21UEC9CI','Palmer Ayers',9,95),(22,'XZR48MUP0YT','Leigh Vance',3,46),(23,'DNB99RWK0PG','Sybil Jimenez',4,47),(24,'OKC01UEB6YN','Noelani Booth',3,94),(25,'SPD75CPR6TE','Alexandra Delacruz',2,37),(26,'YWZ14NPW6VM','Kiona Mann',3,63),(27,'OTC61YRG2UJ','Richard Beach',5,23),(28,'LEG50ZWU5UV','Graham Sparks',6,44),(29,'UPW27EMD3HC','Chava Stevens',7,87),(30,'NNS58KMJ5OY','Adele Wilkerson',8,5),(31,'WOP65UKD6XK','Chaney Parker',7,6),(32,'LHQ59PHR0WU','Baker Raymond',1,82),(33,'LOI02FOU3CK','Emerald Houston',5,57),(34,'NFX20NDI2LQ','Carson Morris',4,3),(35,'WSP05MJW6RE','Ciaran Pickett',9,73),(36,'REL61IQR7AW','Ahmed Burks',2,34),(37,'ABR80BSK5JD','Wing Day',1,42),(38,'NMI78IWB4US','Morgan Waters',3,43),(39,'VMU12NWK1HH','Zephr Shaw',8,40),(40,'KSU04XEN2KD','Channing Nicholson',4,56),(41,'ZVS53RTU1SU','Celeste Ferrell',7,72),(42,'MRC16BME0LT','Deacon Michael',3,77),(43,'KUC68CNQ5VU','Ryan Nguyen',7,45),(44,'VBX77ULR3OQ','Brooke Horn',10,41),(45,'PIV23UDN3DV','Rowan Graham',6,68),(46,'JKB19LRT5YZ','Ora Baker',4,95),(47,'JFT56KHF5MR','Carla Wilkins',10,65),(48,'YLY80SQS2AW','Mia Alford',3,96),(49,'SIT36QBZ2JG','Hyatt Harmon',8,55),(50,'PGC47SMK4OV','Hollee Peck',0,22),(51,'JMX95KIC2PH','Lana Spears',4,14),(52,'IEU25SOD7BA','Quamar Williamson',4,62),(53,'UGP56OGN3WC','Alma Kemp',1,49),(54,'VOK36TJJ6TC','Lucius Hodge',8,38),(55,'CMK07DUM7IZ','Quamar Good',5,23),(56,'ZYQ78LCH1CE','Harriet Mosley',6,99),(57,'HCO03MIL3LP','Giacomo Chen',3,28),(58,'WXX86LRH3LH','Carl Glenn',5,29),(59,'YBJ06WHJ5BU','Anthony Daugherty',2,70),(60,'KTI38QVW1II','Germaine Gates',0,24),(61,'SJZ73AOM7VA','Jerome Webb',1,79),(62,'BBV31BLY8BT','Ursa Case',4,12),(63,'EAD56DDK3WB','Athena Lindsay',9,58),(64,'PKE22MDY1ED','Tana Malone',7,71),(65,'DOF24YMR5HJ','Ivan Johns',1,17),(66,'TPH96HCG3SI','Sonya Stevens',6,76),(67,'BXO61FHW7SM','Brenna Stanley',0,36),(68,'MOQ39ZJX1HK','Herrod Weaver',3,94),(69,'FHX54OOL1LS','Larissa Vincent',1,8),(70,'CCV42RCP8HK','Daphne Bird',4,38),(71,'NXL71SVL6VO','Cameran Sanders',6,4),(72,'TCB74XPC2NU','Justine Graham',3,15),(73,'PKD46IKT2TS','Brooke Le',6,13),(74,'KCH13LBF8NT','Ignatius Walter',6,42),(75,'JKG72QMT5CU','Lance Wyatt',3,12),(76,'EGX15VBQ2IE','Ocean Nielsen',6,85),(77,'BDN08ODX7WC','Otto Mack',2,69),(78,'LVL34OIL0BB','Harper Barrett',5,76),(79,'NLX63SBG5CG','Dillon Dennis',6,53),(80,'KXP53HLR1KM','Ignatius Blanchard',8,38),(81,'NNG37NDI0WP','Clare Morris',3,73),(82,'CWB03TEB0YA','Caleb Perry',10,88),(83,'PIV99WDM3XR','Thane Salinas',1,35),(84,'QPB22FDI5BK','Wing Decker',7,45),(85,'FUO74GZX6NW','Flavia Morris',9,86),(86,'WIH38XZM6RR','Joshua Nguyen',1,8),(87,'GHR85KML1VR','Kasper Byers',1,90),(88,'DME06EEW3XK','Chadwick Frazier',3,93),(89,'UIS51VRJ8QT','Gwendolyn Herrera',6,10),(90,'HHF86BND7ZU','Hannah Taylor',4,46),(91,'PQW84NZW4MT','Declan Ryan',8,33),(92,'VDA37LWB3AJ','Aileen Espinoza',8,37),(93,'SXU35XJH2JX','Ariana Berg',2,72),(94,'XXY73UPP1AI','Bertha Clarke',8,96),(95,'LVX59QFX7ZO','Tatum Lang',2,90),(96,'RJX53AVF3GO','Emmanuel Lopez',4,32),(97,'HVM30XFT1BP','Priscilla Travis',9,4),(98,'ZKN48FRR7ZR','Echo Strong',2,36),(99,'CKU58KTX1WV','Kamal Burris',7,19),(100,'WKB81WSG1XQ','Darryl Parsons',8,50);
/*!40000 ALTER TABLE `del_partners` ENABLE KEYS */;
UNLOCK TABLES;

--
-- Table structure for table `delivers`
--

DROP TABLE IF EXISTS `delivers`;
/*!40101 SET @saved_cs_client     = @@character_set_client */;
/*!50503 SET character_set_client = utf8mb4 */;
CREATE TABLE `delivers` (
  `customer_ID` int DEFAULT NULL,
  `dp_ID` int DEFAULT NULL,
  KEY `dp_ID` (`dp_ID`),
  KEY `customer_ID` (`customer_ID`),
  CONSTRAINT `delivers_ibfk_1` FOREIGN KEY (`dp_ID`) REFERENCES `del_partners` (`dp_ID`),
  CONSTRAINT `delivers_ibfk_2` FOREIGN KEY (`customer_ID`) REFERENCES `customers` (`customer_ID`)
) ENGINE=InnoDB DEFAULT CHARSET=utf8mb4 COLLATE=utf8mb4_0900_ai_ci;
/*!40101 SET character_set_client = @saved_cs_client */;

--
-- Dumping data for table `delivers`
--

LOCK TABLES `delivers` WRITE;
/*!40000 ALTER TABLE `delivers` DISABLE KEYS */;
INSERT INTO `delivers` VALUES (8,95),(59,97),(55,49),(90,20),(53,62),(78,29),(99,52),(6,8),(36,41),(89,36),(43,29),(29,6),(57,32),(15,77),(3,9),(76,68),(49,63),(2,38),(69,33),(26,85),(98,52),(12,93),(30,11),(18,30),(67,58),(8,75),(32,46),(11,19),(78,82),(74,71),(14,99),(19,71),(3,58),(29,54),(13,7),(32,73),(40,40),(69,81),(78,25),(77,29),(57,63),(59,5),(88,7),(99,85),(77,37),(67,93),(76,49),(78,2),(68,45),(100,23),(3,92),(41,36),(46,72),(84,31),(64,24),(75,13),(29,41),(65,52),(14,24),(75,16),(32,91),(31,98),(76,38),(74,35),(12,83),(51,11),(11,17),(89,56),(8,6),(56,79),(45,79),(64,79),(60,63),(84,82),(48,2),(67,80),(54,68),(26,47),(88,15),(17,75),(73,9),(86,10),(31,38),(98,49),(23,16),(18,17),(75,28),(21,43),(16,21),(40,12),(98,41),(19,2),(12,74),(4,50),(33,63),(60,53),(24,34),(97,40),(19,52),(74,44);
/*!40000 ALTER TABLE `delivers` ENABLE KEYS */;
UNLOCK TABLES;

--
-- Table structure for table `handles`
--

DROP TABLE IF EXISTS `handles`;
/*!40101 SET @saved_cs_client     = @@character_set_client */;
/*!50503 SET character_set_client = utf8mb4 */;
CREATE TABLE `handles` (
  `dp_ID` int DEFAULT NULL,
  `order_ID` int DEFAULT NULL,
  UNIQUE KEY `order_ID` (`order_ID`),
  KEY `handles_ibfk_1` (`dp_ID`),
  KEY `handles_ibfk_2` (`order_ID`),
  CONSTRAINT `handles_ibfk_1` FOREIGN KEY (`dp_ID`) REFERENCES `del_partners` (`dp_ID`),
  CONSTRAINT `handles_ibfk_2` FOREIGN KEY (`order_ID`) REFERENCES `orders` (`order_ID`)
) ENGINE=InnoDB DEFAULT CHARSET=utf8mb4 COLLATE=utf8mb4_0900_ai_ci;
/*!40101 SET character_set_client = @saved_cs_client */;

--
-- Dumping data for table `handles`
--

LOCK TABLES `handles` WRITE;
/*!40000 ALTER TABLE `handles` DISABLE KEYS */;
INSERT INTO `handles` VALUES (1,36),(2,90),(3,100),(4,9),(5,89),(6,14),(7,67),(8,50),(9,86),(10,58),(11,66),(12,69),(13,84),(14,70),(15,20),(16,78),(17,72),(18,22),(19,75),(20,88),(21,24),(22,15),(23,81),(24,18),(25,57),(26,41),(27,30),(28,1),(29,76),(30,43),(31,38),(32,34),(33,56),(34,21),(35,8),(36,31),(37,85),(38,47),(39,87),(40,29),(41,11),(42,55),(43,39),(44,54),(45,26),(46,44),(47,77),(48,17),(49,40),(50,51),(51,94),(52,3),(53,60),(54,96),(55,73),(56,25),(57,46),(58,74),(59,5),(60,64),(61,65),(62,7),(63,12),(64,68),(65,19),(66,49),(67,4),(68,82),(69,32),(70,13),(71,71),(72,53),(73,16),(74,97),(75,91),(76,10),(77,45),(78,79),(79,62),(80,37),(81,63),(82,52),(83,80),(84,95),(85,98),(86,42),(87,23),(88,35),(89,28),(90,2),(91,99),(92,61),(93,48),(94,92),(95,93),(96,27),(97,6),(98,59),(99,83),(100,33);
/*!40000 ALTER TABLE `handles` ENABLE KEYS */;
UNLOCK TABLES;

--
-- Table structure for table `orders`
--

DROP TABLE IF EXISTS `orders`;
/*!40101 SET @saved_cs_client     = @@character_set_client */;
/*!50503 SET character_set_client = utf8mb4 */;
CREATE TABLE `orders` (
  `order_ID` int NOT NULL,
  `order_Date` date NOT NULL,
  `order_Time` time NOT NULL,
  `delivery_time` time NOT NULL,
  `Status` varchar(266) NOT NULL DEFAULT 'Not delivered',
  `customer_ID` int NOT NULL,
  `admin_ID` int NOT NULL,
  `payment_amount` int NOT NULL,
  `payment_time` time NOT NULL,
  `order_Details` text,
  PRIMARY KEY (`order_ID`),
  KEY `customer_ID` (`customer_ID`),
  KEY `admin_ID` (`admin_ID`),
  CONSTRAINT `orders_ibfk_1` FOREIGN KEY (`customer_ID`) REFERENCES `customers` (`customer_ID`),
  CONSTRAINT `orders_ibfk_2` FOREIGN KEY (`admin_ID`) REFERENCES `admins` (`admin_id`)
) ENGINE=InnoDB DEFAULT CHARSET=utf8mb4 COLLATE=utf8mb4_0900_ai_ci;
/*!40101 SET character_set_client = @saved_cs_client */;

--
-- Dumping data for table `orders`
--

LOCK TABLES `orders` WRITE;
/*!40000 ALTER TABLE `orders` DISABLE KEYS */;
INSERT INTO `orders` VALUES (1,'2021-12-25','17:54:38','07:38:53','Packing',1,1,100,'09:04:16',NULL),(2,'2021-06-16','18:12:39','16:17:07','Delivered',2,2,1101,'05:04:51',NULL),(3,'2021-10-23','16:03:14','09:46:59','Packing',3,3,1202,'04:47:42',NULL),(4,'2021-07-10','08:26:41','23:32:45','Packing',4,4,305,'14:43:19',NULL),(5,'2021-11-26','07:47:32','05:50:34','Packing',5,5,1054,'04:09:52',NULL),(6,'2021-07-20','02:06:21','09:22:43','Delivered',6,6,504,'03:37:39',NULL),(7,'2021-07-31','19:37:37','18:01:39','Delivered',7,7,203,'17:26:15',NULL),(8,'2021-12-29','04:45:46','02:19:10','Delivered',8,8,707,'20:22:30',NULL),(9,'2021-04-30','04:58:05','22:16:53','Delivered',9,9,800,'07:11:45',NULL),(10,'2021-05-03','13:55:39','05:36:05','Ontheway',10,10,809,'18:34:23',NULL),(11,'2021-06-02','10:33:51','10:27:09','Packing',11,11,1100,'17:01:56',NULL),(12,'2021-08-11','18:51:21','18:51:40','Packing',12,12,1011,'21:33:38',NULL),(13,'2022-01-02','16:29:06','04:35:40','Delivered',13,13,112,'15:07:06',NULL),(14,'2021-06-23','09:37:56','02:50:52','Ontheway',14,14,1013,'10:06:06',NULL),(15,'2021-08-13','16:24:03','00:18:41','Packing',15,15,1140,'06:05:47',NULL),(16,'2021-09-15','12:59:23','07:43:34','Packing',16,16,1150,'02:06:40',NULL),(17,'2021-04-24','10:45:00','01:57:09','Delivered',17,17,10016,'05:41:32',NULL),(18,'2021-07-05','07:39:17','08:28:39','Packing',18,18,1107,'00:36:10',NULL),(19,'2021-04-22','06:34:11','15:08:42','Delivered',19,19,1118,'17:06:02',NULL),(20,'2021-12-02','21:51:57','20:29:24','Delivered',20,20,1195,'02:06:15',NULL),(21,'2021-04-16','08:37:14','12:07:59','Ontheway',21,21,1720,'12:11:00',NULL),(22,'2021-05-29','08:01:31','10:35:05','Packing',22,22,1621,'12:48:59',NULL),(23,'2021-05-04','04:45:42','22:05:50','Delivered',23,23,1522,'14:13:47',NULL),(24,'2021-12-23','05:39:55','14:51:15','Packing',24,24,1243,'21:06:15',NULL),(25,'2021-10-16','05:36:05','07:25:10','Packing',25,25,1234,'08:30:17',NULL),(26,'2021-12-31','22:48:39','02:56:10','Delivered',26,26,1205,'12:14:02',NULL),(27,'2021-07-09','05:57:26','15:11:39','Ontheway',27,27,1260,'07:27:39',NULL),(28,'2021-11-02','23:37:25','23:29:12','Ontheway',28,28,1277,'05:48:41',NULL),(29,'2021-07-20','05:27:29','06:00:38','Ontheway',29,29,1284,'21:23:17',NULL),(30,'2021-12-23','13:57:37','00:27:20','Packing',30,30,1297,'04:18:00',NULL),(31,'2021-10-18','07:40:20','13:45:13','Delivered',31,31,1300,'06:30:14',NULL),(32,'2021-05-07','09:20:41','00:04:18','Packing',32,32,1314,'06:43:23',NULL),(33,'2021-10-18','23:43:39','16:05:24','Packing',33,33,1232,'10:45:00',NULL),(34,'2021-11-04','15:01:54','16:46:38','Packing',34,34,1334,'01:42:13',NULL),(35,'2021-04-22','18:13:20','07:02:54','Ontheway',35,35,1344,'22:58:53',NULL),(36,'2021-04-20','12:16:04','02:51:07','Delivered',36,36,2135,'21:58:12',NULL),(37,'2021-05-09','16:49:42','02:20:39','Ontheway',37,37,1360,'11:02:32',NULL),(38,'2021-10-30','03:48:41','01:43:55','Packing',38,38,1137,'09:57:25',NULL),(39,'2021-11-06','20:25:53','14:00:00','Packing',39,39,1380,'23:02:59',NULL),(40,'2021-12-31','12:23:44','21:00:58','Packing',40,40,1839,'18:25:44',NULL),(41,'2021-06-23','05:06:13','14:57:27','Delivered',41,41,1740,'20:18:50',NULL),(42,'2021-09-27','23:58:37','21:49:20','Packing',42,42,1841,'17:47:45',NULL),(43,'2021-12-21','16:09:28','13:26:59','Packing',43,43,9142,'11:55:55',NULL),(44,'2021-08-25','21:22:05','16:30:30','Ontheway',44,44,5143,'08:01:17',NULL),(45,'2021-07-09','23:53:36','15:01:35','Packing',45,45,7144,'20:11:16',NULL),(46,'2021-08-20','06:27:29','03:31:36','Packing',46,46,3145,'20:56:23',NULL),(47,'2021-10-13','02:45:18','20:12:00','Delivered',47,47,2146,'20:13:42',NULL),(48,'2021-10-30','13:07:13','23:43:25','Packing',48,48,1427,'17:21:55',NULL),(49,'2021-11-22','06:36:11','12:46:14','Ontheway',49,49,2148,'17:55:27',NULL),(50,'2022-01-15','00:14:33','13:24:54','Delivered',50,50,3149,'22:42:43',NULL),(51,'2021-05-08','05:09:02','06:51:57','Packing',51,51,2150,'07:09:23',NULL),(52,'2022-01-08','14:19:19','02:47:25','Delivered',52,52,4151,'07:58:20',NULL),(53,'2021-08-22','11:34:42','05:06:50','Delivered',53,53,2152,'02:30:59',NULL),(54,'2021-12-24','16:15:19','16:11:25','Ontheway',54,54,3153,'18:56:28',NULL),(55,'2021-05-15','06:11:02','12:38:39','Packing',55,55,1540,'17:02:58',NULL),(56,'2021-05-14','10:04:12','11:51:21','Ontheway',56,56,1155,'19:53:35',NULL),(57,'2021-08-03','00:09:40','15:05:04','Packing',57,57,2156,'06:12:35',NULL),(58,'2021-11-10','02:39:51','10:09:49','Packing',58,58,157,'08:04:00',NULL),(59,'2021-10-29','13:45:24','22:25:19','Delivered',59,59,468,'14:13:26',NULL),(60,'2021-06-10','02:23:48','03:13:39','Delivered',60,60,165,'08:40:30',NULL),(61,'2021-06-07','03:19:13','21:29:17','Ontheway',61,61,2468,'15:05:14',NULL),(62,'2021-09-30','16:23:20','13:43:33','Delivered',62,62,6854,'11:24:55',NULL),(63,'2021-12-26','20:40:36','00:32:22','Packing',63,63,265,'01:49:30',NULL),(64,'2021-11-02','18:45:01','03:12:44','Delivered',64,64,765,'10:17:41',NULL),(65,'2021-11-07','17:07:11','22:27:39','Delivered',65,65,416,'00:29:32',NULL),(66,'2021-04-17','13:03:32','20:56:19','Packing',66,66,4124,'22:27:26',NULL),(67,'2021-04-07','22:01:26','08:48:49','Packing',67,67,1660,'22:32:04',NULL),(68,'2021-12-15','20:27:21','07:47:05','Ontheway',68,68,1467,'22:39:14',NULL),(69,'2021-08-13','17:44:57','21:37:48','Packing',69,69,2168,'14:28:51',NULL),(70,'2022-01-02','02:14:32','15:09:52','Packing',70,70,1169,'15:00:07',NULL),(71,'2021-09-17','12:30:17','12:33:08','Packing',71,71,1070,'15:48:29',NULL),(72,'2022-02-03','07:47:53','17:22:38','Packing',72,72,1710,'23:40:45',NULL),(73,'2021-12-23','05:45:03','14:41:30','Ontheway',73,73,1727,'09:04:48',NULL),(74,'2021-12-19','05:01:00','00:15:46','Packing',74,74,1073,'13:07:52',NULL),(75,'2021-11-20','00:05:14','20:49:41','Delivered',75,75,1747,'04:10:35',NULL),(76,'2021-05-15','18:25:47','08:38:00','Delivered',76,76,1705,'13:06:41',NULL),(77,'2021-09-25','12:10:40','17:20:33','Packing',77,77,1706,'13:43:37',NULL),(78,'2021-09-24','18:53:31','12:57:22','Ontheway',78,78,1707,'01:26:05',NULL),(79,'2021-09-03','03:31:27','22:04:08','Packing',79,79,1787,'07:29:17',NULL),(80,'2021-11-02','08:04:25','23:47:43','Packing',80,80,2079,'04:12:11',NULL),(81,'2021-11-10','20:14:38','02:42:41','Packing',81,81,1800,'17:09:29',NULL),(82,'2021-10-04','22:07:55','03:32:02','Packing',82,82,1081,'17:35:40',NULL),(83,'2021-06-25','01:21:28','01:27:11','Delivered',83,83,1082,'02:45:45',NULL),(84,'2021-07-03','05:02:50','01:51:07','Ontheway',84,84,10830,'08:11:27',NULL),(85,'2021-07-22','18:32:19','19:57:11','Packing',85,85,1847,'15:01:09',NULL),(86,'2021-11-18','03:55:35','19:12:45','Delivered',86,86,1805,'14:32:57',NULL),(87,'2021-09-24','14:32:35','19:11:55','Packing',87,87,1086,'07:53:46',NULL),(88,'2021-08-15','04:29:59','12:20:12','Packing',88,88,1987,'12:42:51',NULL),(89,'2021-12-06','04:57:35','22:56:28','Ontheway',89,89,1588,'22:00:51',NULL),(90,'2021-11-16','19:23:59','02:55:02','Delivered',90,90,1809,'04:40:53',NULL),(91,'2021-12-30','18:54:18','15:05:37','Ontheway',91,91,1090,'17:12:57',NULL),(92,'2021-04-27','03:17:45','02:38:29','Packing',92,92,1901,'23:27:53',NULL),(93,'2021-08-15','20:46:06','10:45:04','Packing',93,93,1952,'18:56:17',NULL),(94,'2021-09-26','12:03:39','22:39:19','Packing',94,94,193,'11:49:12',NULL),(95,'2021-12-28','00:40:12','21:23:46','Delivered',95,95,1445,'03:11:07',NULL),(96,'2021-05-21','10:31:22','14:24:10','Packing',96,96,1695,'04:39:42',NULL),(97,'2021-06-13','16:06:05','05:06:26','Packing',97,97,1796,'18:15:26',NULL),(98,'2021-10-23','15:24:33','20:00:25','Packing',98,98,3197,'14:00:36',NULL),(99,'2021-08-29','17:25:31','22:33:00','Ontheway',99,99,4578,'06:16:42',NULL),(100,'2021-11-20','22:53:07','14:23:32','Ontheway',100,100,1524,'16:37:28',NULL);
/*!40000 ALTER TABLE `orders` ENABLE KEYS */;
UNLOCK TABLES;
/*!50003 SET @saved_cs_client      = @@character_set_client */ ;
/*!50003 SET @saved_cs_results     = @@character_set_results */ ;
/*!50003 SET @saved_col_connection = @@collation_connection */ ;
/*!50003 SET character_set_client  = utf8mb4 */ ;
/*!50003 SET character_set_results = utf8mb4 */ ;
/*!50003 SET collation_connection  = utf8mb3_general_ci */ ;
/*!50003 SET @saved_sql_mode       = @@sql_mode */ ;
/*!50003 SET sql_mode              = 'NO_AUTO_VALUE_ON_ZERO' */ ;
DELIMITER ;;
/*!50003 CREATE*/ /*!50017 DEFINER=`root`@`localhost`*/ /*!50003 TRIGGER `dp_order` AFTER INSERT ON `orders` FOR EACH ROW BEGIN
    SELECT dp_ID FROM del_partners  
    ORDER BY RAND()  
    LIMIT 1 INTO @m;
    INSERT INTO handles(dp_ID, order_ID) VALUES (@m, new.order_ID);
    SELECT supp_ID FROM supplier 
    ORDER BY RAND()  
    LIMIT 1 INTO @m;
    INSERT INTO pack(order_ID, supp_ID) VALUES (new.order_ID, @m);
END */;;
DELIMITER ;
/*!50003 SET sql_mode              = @saved_sql_mode */ ;
/*!50003 SET character_set_client  = @saved_cs_client */ ;
/*!50003 SET character_set_results = @saved_cs_results */ ;
/*!50003 SET collation_connection  = @saved_col_connection */ ;

--
-- Table structure for table `owns`
--

DROP TABLE IF EXISTS `owns`;
/*!40101 SET @saved_cs_client     = @@character_set_client */;
/*!50503 SET character_set_client = utf8mb4 */;
CREATE TABLE `owns` (
  `supp_ID` int DEFAULT NULL,
  `prod_ID` int DEFAULT NULL,
  KEY `supp_ID` (`supp_ID`),
  KEY `prod_ID` (`prod_ID`),
  CONSTRAINT `owns_ibfk_1` FOREIGN KEY (`supp_ID`) REFERENCES `supplier` (`supp_ID`),
  CONSTRAINT `owns_ibfk_2` FOREIGN KEY (`prod_ID`) REFERENCES `products` (`prod_ID`)
) ENGINE=InnoDB DEFAULT CHARSET=utf8mb4 COLLATE=utf8mb4_0900_ai_ci;
/*!40101 SET character_set_client = @saved_cs_client */;

--
-- Dumping data for table `owns`
--

LOCK TABLES `owns` WRITE;
/*!40000 ALTER TABLE `owns` DISABLE KEYS */;
INSERT INTO `owns` VALUES (90,140),(27,113),(89,145),(32,195),(42,102),(19,140),(6,105),(43,143),(33,132),(54,181),(32,109),(89,155),(53,156),(24,170),(69,144),(21,163),(21,140),(36,165),(29,189),(61,142),(46,137),(68,108),(88,102),(24,194),(50,111),(1,150),(49,145),(15,199),(68,188),(9,126),(6,147),(53,138),(79,140),(12,122),(11,194),(32,165),(60,145),(33,195),(91,195),(74,120),(26,126),(33,151),(66,168),(28,188),(17,139),(88,197),(61,138),(6,171),(64,196),(84,162),(75,158),(84,104),(86,147),(37,137),(88,103),(30,178),(2,192),(13,133),(40,166),(34,152),(98,154),(78,115),(13,105),(89,123),(45,119),(98,198),(90,127),(84,141),(6,196),(24,162),(65,121),(70,128),(92,110),(23,127),(52,135),(17,127),(73,198),(52,188),(39,105),(85,139),(84,126),(23,126),(38,177),(43,147),(54,169),(87,152),(63,189),(42,154),(44,115),(44,147),(75,123),(21,164),(100,143),(71,194),(91,101),(24,186),(98,119),(17,161),(58,155),(31,181);
/*!40000 ALTER TABLE `owns` ENABLE KEYS */;
UNLOCK TABLES;

--
-- Table structure for table `pack`
--

DROP TABLE IF EXISTS `pack`;
/*!40101 SET @saved_cs_client     = @@character_set_client */;
/*!50503 SET character_set_client = utf8mb4 */;
CREATE TABLE `pack` (
  `order_ID` int DEFAULT NULL,
  `supp_ID` int DEFAULT NULL,
  KEY `supp_ID` (`supp_ID`),
  KEY `order_ID` (`order_ID`),
  CONSTRAINT `pack_ibfk_1` FOREIGN KEY (`supp_ID`) REFERENCES `supplier` (`supp_ID`),
  CONSTRAINT `pack_ibfk_2` FOREIGN KEY (`order_ID`) REFERENCES `orders` (`order_ID`)
) ENGINE=InnoDB DEFAULT CHARSET=utf8mb4 COLLATE=utf8mb4_0900_ai_ci;
/*!40101 SET character_set_client = @saved_cs_client */;

--
-- Dumping data for table `pack`
--

LOCK TABLES `pack` WRITE;
/*!40000 ALTER TABLE `pack` DISABLE KEYS */;
INSERT INTO `pack` VALUES (1,97),(2,36),(3,17),(4,28),(5,70),(6,50),(7,84),(8,71),(9,8),(10,9),(11,39),(12,2),(13,60),(14,81),(15,15),(16,78),(17,43),(18,63),(19,93),(20,33),(21,80),(22,23),(23,62),(24,26),(25,38),(26,82),(27,72),(28,29),(29,49),(30,94),(31,58),(32,3),(33,88),(34,92),(35,99),(36,48),(37,67),(38,69),(39,14),(40,73),(41,24),(42,47),(43,75),(44,25),(45,77),(46,13),(47,37),(48,45),(49,52),(50,40),(51,27),(52,11),(53,95),(54,16),(55,20),(56,1),(57,61),(58,100),(59,66),(60,53),(61,10),(62,86),(63,5),(64,83),(65,56),(66,41),(67,65),(68,46),(69,12),(70,34),(71,19),(72,54),(73,87),(74,85),(75,32),(76,89),(77,4),(78,98),(79,68),(80,21),(81,74),(82,44),(83,57),(84,90),(85,59),(86,64),(87,42),(88,79),(89,30),(90,76),(91,51),(92,91),(93,96),(94,6),(95,31),(96,55),(97,35),(98,18),(99,22),(100,7);
/*!40000 ALTER TABLE `pack` ENABLE KEYS */;
UNLOCK TABLES;

--
-- Table structure for table `products`
--

DROP TABLE IF EXISTS `products`;
/*!40101 SET @saved_cs_client     = @@character_set_client */;
/*!50503 SET character_set_client = utf8mb4 */;
CREATE TABLE `products` (
  `prod_ID` int NOT NULL AUTO_INCREMENT,
  `name` varchar(256) NOT NULL,
  `description` varchar(256) DEFAULT NULL,
  `price` decimal(10,2) NOT NULL,
  `stock_quantity` int NOT NULL,
  `category_ID` int NOT NULL,
  `link` varchar(256) DEFAULT NULL,
  PRIMARY KEY (`prod_ID`),
  KEY `category_ID` (`category_ID`),
  CONSTRAINT `products_ibfk_1` FOREIGN KEY (`category_ID`) REFERENCES `category` (`cat_ID`)
) ENGINE=InnoDB AUTO_INCREMENT=200 DEFAULT CHARSET=utf8mb4 COLLATE=utf8mb4_0900_ai_ci;
/*!40101 SET character_set_client = @saved_cs_client */;

--
-- Dumping data for table `products`
--

LOCK TABLES `products` WRITE;
/*!40000 ALTER TABLE `products` DISABLE KEYS */;
INSERT INTO `products` VALUES (100,'Coca cola',' coca cola 1ltr',50.00,17,3,'https://cdn.grofers.com/cdn-cgi/image/f=auto,fit=scale-down,q=50,metadata=none,w=225/app/images/products/sliding_image/283a.jpg?ts=1657699524'),(101,'Hershey\'s','hershery\'s chocolate syrup 1.3 kg',340.00,20,6,'https://cdn.grofers.com/cdn-cgi/image/f=auto,fit=scale-down,q=50,metadata=none,w=225/app/images/products/sliding_image/415759a.jpg?ts=1590069196'),(102,'Pepsi',' pepsi 1 ltr',55.00,13,3,'https://cdn.grofers.com/cdn-cgi/image/f=auto,fit=scale-down,q=50,metadata=none,w=225/app/images/products/sliding_image/23691a.jpg?ts=1659358412'),(103,'Full cream milk','AMUL full cream milk 1ltr',70.00,15,2,'https://cdn.grofers.com/cdn-cgi/image/f=auto,fit=scale-down,q=50,metadata=none,w=225/app/images/products/sliding_image/179a.jpg?ts=1652445662'),(104,'Wai wai','ready to eat chicken noodle 3x70 g',41.00,17,4,'https://cdn.grofers.com/cdn-cgi/image/f=auto,fit=scale-down,q=50,metadata=none,w=225/app/images/products/sliding_image/505307a.jpg'),(105,'Napkin','Napkin',65.00,16,8,'https://cdn.grofers.com/cdn-cgi/image/f=auto,fit=scale-down,q=50,metadata=none,w=225/app/images/products/full_screen/pro_281941.jpg?ts=1669968610'),(106,'Britannia goodday','britannia goodday butter biscuit 2x66g',19.00,12,5,'https://cdn.grofers.com/cdn-cgi/image/f=auto,fit=scale-down,q=50,metadata=none,w=225/app/images/products/sliding_image/232160a.jpg?ts=1640154579'),(107,'maggi ','maggi masala noodles 12x70g',157.00,18,4,'https://cdn.grofers.com/cdn-cgi/image/f=auto,fit=scale-down,q=50,metadata=none,w=225/app/images/products/sliding_image/383480a.jpg?ts=1669367058'),(108,'Rite bite ','rite bite max protien daily chocolate bar 2x50 g',119.00,10,6,'https://cdn.grofers.com/cdn-cgi/image/f=auto,fit=scale-down,q=50,metadata=none,w=225/app/images/products/full_screen/pro_406833.jpg'),(109,'Parachut oil','Parachute afvacne ayrvedic oil 500 ml',180.00,16,9,'https://cdn.grofers.com/cdn-cgi/image/f=auto,fit=scale-down,q=50,metadata=none,w=225/app/images/products/sliding_image/147410a.jpg?ts=1610701650'),(110,'Catch Ginger garlic paste','200g ginger garlic apste 200g',34.00,10,10,'https://cdn.grofers.com/cdn-cgi/image/f=auto,fit=scale-down,q=50,metadata=none,w=225/app/images/products/sliding_image/415627a.jpg?ts=1639052490'),(111,'maggi ','maggi masala 2 minute instant noodle 560 g',109.00,20,4,'https://cdn.grofers.com/cdn-cgi/image/f=auto,fit=scale-down,q=50,metadata=none,w=225/app/images/products/sliding_image/169812a.jpg?ts=1669367057'),(112,'Broom','Broom /jhaadu',120.00,11,8,''),(113,'Maaza','maaza 1 ltr',54.00,10,3,''),(114,'collin cleaner','collin glass cleaner 500 ml',98.00,11,8,''),(115,'Fuse ','cadbury fuse filled bar 3x24 g',56.00,20,6,''),(116,'Bambino elbows macaroni','elbow macaroni 900 g',98.00,10,4,''),(117,'maggi macaroni','instant macaroni cheese by maggi 2 x 70g',55.00,13,4,''),(118,'Slice','slice 1 ltr',56.00,15,3,''),(119,'Disano','disano pastilicous penne 500g',73.00,16,4,''),(120,'Iced tea mix','Lipton iced tea mix',264.00,20,3,''),(121,'sport drink','Gaotrade thirst quencher',45.00,16,3,''),(122,'Himalya cream','purifying cream 150 ml',170.00,19,9,''),(123,'Britannia goodday','britannia goodday cashew biscuit 200g',43.00,16,5,''),(124,'Potato','Organic potato',20.00,10,1,''),(125,'amul chocolate','dark cocoa 55% chococalte 150g',110.00,16,6,''),(126,'corn','del monte sweet corn',30.00,16,1,''),(127,'sunfeast chocolate biscuit','sunfeat dark fantasy chocolate biscuit  75g',40.00,17,5,''),(128,'Fish','1kg fresh fish',195.55,16,7,''),(129,'Toned milk','AMUL Toned milk 1ltr',50.00,16,2,''),(130,'Curd','AMUL curd 250 ml',25.00,19,2,''),(131,'Gulab gur','shalimar gajak 500g',338.00,17,6,''),(132,'Energy drink','RED bull energy drink red bull gives you wings',35.00,12,3,''),(133,'pajeeri ladoo','panjeeri laddu by bikano 400g',717.65,19,6,''),(134,'Gulab jamun','Gulab jamun by haldiram 1kg',240.00,13,6,''),(135,'oreo','oreo original vanilla sandwich biscuit 120g',30.00,10,5,''),(136,'Mtr poha','MTr poha instant 60 g ',24.00,15,4,''),(137,'Apple juice','Mott\'s 100% Apple juice',120.00,11,3,''),(138,'Butter','Amul butter 500 gm',260.00,17,2,''),(139,'Harvest brown bread','harvest fold hearty brown bread 400g',45.00,13,5,''),(140,'apple ','organic apple',40.00,11,1,''),(141,'nivea cream','nivea soft light moisturizing cream 100 ml',170.00,18,9,''),(142,'Mtr veg upma','MTR veg upma isntant 60 g',25.00,11,4,''),(143,'MTr rice idli','MTR idli breakfast mix 1kg g',280.00,15,4,''),(144,'Dove soap','dove soap cream bathing 3x125 g',240.00,18,9,''),(145,'harvest white bread','harvest gold white bread 700g',50.00,13,5,''),(146,'Dettol soap','detool original bathing soap 5 x125g',287.00,18,9,''),(147,'besan ladoo','besan laddo by bikano 400g',160.00,11,6,''),(148,'Mozarella cheese','Amul diced mozarella',340.02,18,2,''),(149,'Dettol hand wash','Dettol liquid hand wash refill 675 ml',94.00,18,9,''),(150,'Godrej handwash','Godrej protekt germ fighet 725 ml',84.00,18,9,''),(151,'Lassi','Amul lassi',70.00,19,2,''),(152,'MTR rava idli','MTR idli rava idli breaskfast mix 500 g',120.00,10,4,''),(153,'clinic plus ','long and healthy 340 ml',219.00,10,9,''),(154,'haldiram kabab','haldiram veg hara bhara kabab 300g',173.00,15,4,''),(155,'Ajwain seed GMC','100g ajwain',40.00,13,10,''),(156,'Mutton','1kg fresh mutton',855.74,18,7,''),(157,'Green cardamom','elaichi green cardamom 50g',125.00,19,10,''),(158,'Cumin seed','catch cumin seeds/ jeera 100g',56.00,18,10,''),(159,'Britannia wheat bread','brittania 100% whole wheat bread 400g',50.00,14,5,''),(160,'Tresemme shampoo','keratin smooth 180 ml',190.00,17,9,''),(161,'haldiram samosa','haldiram cocktail samosa 200 g',220.00,12,4,''),(162,'Parle-G','parle-G Glucose biscuit 800g',88.00,12,5,''),(163,'chilli flakes','cheya chilli flakes 45g',99.00,11,10,''),(164,'papaya','organic papaya',50.00,15,1,''),(165,'Mccain frecnh fries','Mccain masala french fries 375g',135.00,19,4,''),(166,'kaju katli','kaju katli by haldirams 200g',235.00,11,6,''),(167,'vaseline','42g petroleum jelly',85.00,14,9,''),(168,'Lizol floor cleaner','Lizol disinfectant surface& floor cleaner 1ltr',220.00,18,8,''),(169,'onion','organic onion ',30.00,13,1,''),(170,'ice cream','amul chocolate 1kg',203.00,14,2,''),(171,'Chicken','1kg fresh chicken',250.00,25,7,''),(172,'Orange juice','Tropicana 100% orange juice',132.00,11,3,''),(173,'Vim dishwash','vim lemon dishwash bar 750 ml',156.00,18,8,''),(174,'cornetto','amul butterscotch ',65.00,11,2,''),(175,'Fortune kachi ghani','fortune premium kachi ghani oil',930.36,17,10,''),(176,'Godrej Ezee ','woolen liquid detergent 1kg',200.00,16,8,''),(177,'ITC masterchef french fries','ITC master chef crispy french fries 420g',105.00,18,4,''),(178,'Britannia nutrichouse seeds biscuit','britannia nutrichoice seeds biscuit with 0% maida 75g',22.00,13,5,''),(179,'Eggs','36 eggs tray',230.00,10,7,''),(180,'Colgate toothbrush','colgate strong teeth anticavity 150 g',88.00,13,9,''),(181,'haldiram dal makhani','Haldiram minute dal makhani',100.00,10,4,''),(182,'soan papdi','premium soan papdi by bikano 500g',130.00,12,6,''),(183,'Kurkure','Kurkure masal munch crisps 82g',20.00,14,4,''),(184,'Amul chocominis','amul chocominis chocolate gift pack 250g',140.00,11,6,''),(185,'surf excel','easy wash detergent bar 1.5kg',211.00,12,8,''),(186,'Real juice','Real mix fruit juice',154.00,16,3,''),(187,'Heavy cream','Land o lakes heavy whipping cream',234.00,10,2,''),(188,'Uncle chips','Uncle chips spicy treat flavour 50g',20.00,12,4,''),(189,'Tide powder','Tide double power jasmine powder 5kg',534.00,11,8,''),(190,'Fortune oil','Fortune soya health refined oil',178.92,13,10,''),(191,'Cadbury ','cadbury dairy milk chocoalte 2x36g',86.00,12,6,''),(192,'Lays chip blue','Lays indian magic masal chips 2x90g',88.00,14,4,''),(193,'Snickers','Snickers peanut filler bar 2x45 g',85.00,20,6,''),(194,'cottage cheese','breakstone\'s cottage cheese',320.00,11,2,''),(195,'Parle premium rusk','parle elaichi real premium rusk 300g',47.00,16,5,''),(196,'Tide bar','White detergent bar 4x200g',95.00,20,8,''),(197,'zero coke',' coca cola zero sugar soft drink',70.00,12,3,''),(198,'Sensodyne toothpaste','fresg gel toothpaste 150 g',220.00,17,9,''),(199,'Almond milk','Silk Almond milk',156.00,17,2,'');
/*!40000 ALTER TABLE `products` ENABLE KEYS */;
UNLOCK TABLES;

--
-- Table structure for table `supplier`
--

DROP TABLE IF EXISTS `supplier`;
/*!40101 SET @saved_cs_client     = @@character_set_client */;
/*!50503 SET character_set_client = utf8mb4 */;
CREATE TABLE `supplier` (
  `supp_ID` int NOT NULL,
  `name` varchar(256) NOT NULL,
  `sector` varchar(256) NOT NULL,
  `city` varchar(256) NOT NULL,
  `state` varchar(256) NOT NULL,
  `pincode` int NOT NULL,
  `admin_id` int NOT NULL,
  `phone` int NOT NULL DEFAULT '1000000000',
  PRIMARY KEY (`supp_ID`),
  CONSTRAINT `supplier_chk_1` CHECK (((10000000000 <= `phone`) <= 9999999999))
) ENGINE=InnoDB DEFAULT CHARSET=utf8mb4 COLLATE=utf8mb4_0900_ai_ci;
/*!40101 SET character_set_client = @saved_cs_client */;

--
-- Dumping data for table `supplier`
--

LOCK TABLES `supplier` WRITE;
/*!40000 ALTER TABLE `supplier` DISABLE KEYS */;
INSERT INTO `supplier` VALUES (1,'Noelle Gilliam','5164 Mollis Rd.','Panjim','Punjab',587935,78,1000000000),(2,'Conan Love','P.O. Box 896, 9526 Quis Avenue','Haridwar','Sikkim',854801,35,1000000000),(3,'Kane Holt','Ap #472-8996 Neque Avenue','Daman','Jammu and Kashmir',224146,15,1000000000),(4,'Bo Pittman','7703 Ligula St.','Kohima','Manipur',673208,27,1000000000),(5,'Sasha Burch','P.O. Box 965, 3359 Consequat Road','Shillong','Kerala',716141,12,1000000000),(6,'Aretha Dawson','Ap #611-2543 Proin Avenue','Chandigarh','Assam',271173,83,1000000000),(7,'Yardley Lee','P.O. Box 929, 3022 Adipiscing Av.','Rohtak','Nagaland',697812,36,1000000000),(8,'Tiger Velasquez','P.O. Box 667, 812 Vel St.','Raurkela','Andhra Pradesh',325547,77,1000000000),(9,'Ariana Harper','6688 Sit Rd.','North Dum Dum','Karnataka',868378,100,1000000000),(10,'Tucker Shaffer','9042 Proin St.','Bhilai','Tripura',398727,25,1000000000),(11,'Carla Maldonado','Ap #334-7034 Ligula Rd.','Delhi','Delhi',544374,96,1000000000),(12,'Fletcher Dillard','4649 Quisque St.','Burnpur','West Bengal',678076,85,1000000000),(13,'Ivana Barlow','Ap #514-8022 Fusce Road','Silchar','Manipur',587551,88,1000000000),(14,'Evangeline Aguilar','P.O. Box 816, 146 Dui. St.','Itanagar','Punjab',334276,52,1000000000),(15,'Nasim Mcclure','699-6827 Est St.','Chittoor','Odisha',885657,43,1000000000),(16,'Bernard Whitfield','Ap #486-2509 Consectetuer Ave','Chandigarh','Daman and Diu',746879,13,1000000000),(17,'Ryan Tate','Ap #914-2206 Augue, Rd.','Kohima','Haryana',915627,100,1000000000),(18,'Ian Lewis','P.O. Box 293, 5214 Mus. Av.','Arrah','Karnataka',580385,58,1000000000),(19,'Ryder Castro','Ap #502-1933 Urna. Street','Jaipur','Gujarat',593512,5,1000000000),(20,'Camden Brennan','Ap #816-9179 Consectetuer Av.','Ratlam','Maharastra',929311,78,1000000000),(21,'Wesley Everett','P.O. Box 851, 1276 Nibh. Av.','Dibrugarh','Lakshadweep',738172,84,1000000000),(22,'Adele Crawford','1347 Diam Avenue','Pondicherry','Pondicherry',736241,39,1000000000),(23,'Baker Gomez','Ap #656-8290 Quisque Rd.','Chandigarh','Karnataka',857232,88,1000000000),(24,'Leo Park','260-8730 Etiam Ave','Chandigarh','Kerala',528162,25,1000000000),(25,'Meghan Moreno','956-4599 Sem Street','Sambalpur','Maharastra',652284,13,1000000000),(26,'Odysseus Hall','Ap #247-1247 Risus. Av.','Shimla','Rajasthan',605547,100,1000000000),(27,'Aristotle Cherry','Ap #360-3823 Elementum, Av.','Pondicherry','Rajasthan',463733,64,1000000000),(28,'Ashton Moreno','545-9636 Ridiculus St.','Gurgaon','Meghalaya',253631,79,1000000000),(29,'Mason Dixon','P.O. Box 118, 3464 Habitant St.','Bharuch','Karnataka',419167,66,1000000000),(30,'Grant Sullivan','361-1743 Eget, Avenue','Kohima','Tripura',223758,23,1000000000),(31,'Desirae Hughes','268-3337 Pede, Road','Port Blair','Tripura',379447,42,1000000000),(32,'Yuli Spears','Ap #951-296 Amet Rd.','Port Blair','Uttarakhand',778480,96,1000000000),(33,'Eaton Gregory','Ap #769-9542 Eu Av.','Mysore','Meghalaya',647626,31,1000000000),(34,'Buffy Maddox','Ap #984-5112 Quisque Avenue','Maunath Bhanjan','Chandigarh',601764,13,1000000000),(35,'Thor Berger','P.O. Box 198, 2253 Mollis Rd.','Sirsa','Gujarat',378540,82,1000000000),(36,'Dylan Lancaster','7479 Sem Rd.','Haridwar','Uttarakhand',251640,93,1000000000),(37,'Phelan Randall','Ap #355-316 Magna. Ave','Tiruvottiyur','Jharkhand',335222,82,1000000000),(38,'Aaron Ferrell','Ap #433-1876 Nunc Av.','Imphal','Gujarat',224551,96,1000000000),(39,'Perry Sharpe','Ap #975-791 Ac Street','Kohima','Mizoram',576056,96,1000000000),(40,'Kermit Cantrell','219-9738 Vitae, Rd.','Haridwar','Pondicherry',502868,42,1000000000),(41,'Joshua Jordan','7248 Sit Rd.','Chandigarh','Andaman and Nicobar Islands',261078,5,1000000000),(42,'Dorian Baker','963-1988 Nulla Av.','Bhusawal','Jammu and Kashmir',111328,52,1000000000),(43,'Elmo Keller','Ap #219-3744 Vitae, Ave','Chandigarh','Chandigarh',260861,4,1000000000),(44,'Devin Vazquez','616-4355 Ridiculus Rd.','Aizwal','Chhattisgarh',834057,78,1000000000),(45,'Guinevere Ratliff','Ap #217-3472 Aliquam Rd.','Akola','Jharkhand',420334,51,1000000000),(46,'Macey Huber','Ap #523-1048 At Road','Korba','Karnataka',724560,47,1000000000),(47,'Amery Frye','P.O. Box 841, 4774 In Street','Kohima','Daman and Diu',253851,10,1000000000),(48,'Samantha Mccoy','160-6036 Urna Ave','Pondicherry','West Bengal',643391,77,1000000000),(49,'Keely Sandoval','687-7141 Aliquam Rd.','Daman','Odisha',904630,73,1000000000),(50,'Susan Guthrie','163-6505 In, Road','Gadag Betigeri','Lakshadweep',216384,53,1000000000),(51,'Jessamine Velazquez','Ap #756-7422 Sed, Av.','Shillong','Jammu and Kashmir',111598,13,1000000000),(52,'Eagan Mckinney','P.O. Box 177, 2591 Integer Rd.','Gangtok','Tripura',361877,26,1000000000),(53,'Ishmael Leblanc','905-1543 Sit Avenue','Port Blair','Goa',499431,28,1000000000),(54,'Leslie Donovan','885-9056 Hendrerit St.','Raurkela','West Bengal',640615,79,1000000000),(55,'Thor Melton','Ap #955-3582 Enim Rd.','Chandigarh','Delhi',255237,66,1000000000),(56,'Otto Lyons','644-4382 Pretium Avenue','Panjim','Odisha',862176,17,1000000000),(57,'Deacon Cook','513-4279 Quis, St.','Hazaribag','Uttarakhand',668885,54,1000000000),(58,'Jonah Bridges','P.O. Box 557, 3894 Nisl. St.','Aizwal','Jharkhand',108996,55,1000000000),(59,'John May','Ap #776-385 Feugiat Road','Kohima','Odisha',677734,30,1000000000),(60,'Lev Whitley','P.O. Box 419, 9808 Eu Rd.','Vadodara','Karnataka',374544,96,1000000000),(61,'Lillian Shepard','Ap #838-5089 Dui. Street','Kohima','Chhattisgarh',600864,35,1000000000),(62,'Doris Douglas','P.O. Box 300, 1955 Enim St.','Kohima','Meghalaya',563107,87,1000000000),(63,'Dane Hayden','860-6503 Sociosqu St.','Kavaratti','Daman and Diu',676386,44,1000000000),(64,'Neve Day','491-4005 Donec Street','Palakkad','Nagaland',491288,84,1000000000),(65,'Nerea Rice','509-4905 Aliquam Rd.','Silvassa','Dadra and Nagar Haveli',252011,44,1000000000),(66,'Jocelyn Mosley','P.O. Box 704, 9270 Amet, St.','Kohima','Lakshadweep',825466,96,1000000000),(67,'Yvonne Shaw','4071 Tempor Rd.','Delhi','Chandigarh',561615,16,1000000000),(68,'Gwendolyn Avery','Ap #837-9973 Sapien, Street','Delhi','Punjab',457716,65,1000000000),(69,'Craig Moon','174-7179 Dolor, Street','Patan','Haryana',386221,36,1000000000),(70,'Price Kaufman','Ap #957-5488 Ante St.','Gangtok','Delhi',791948,48,1000000000),(71,'Lane Hubbard','Ap #160-9858 Eu St.','Ajmer','Pondicherry',828526,19,1000000000),(72,'Thane Snyder','Ap #535-8458 Tempus St.','Shimla','Andaman and Nicobar Islands',340366,34,1000000000),(73,'Zena Ayers','Ap #197-9244 Senectus Ave','Brahmapur','Tamil Nadu',208302,60,1000000000),(74,'Kylie Weiss','351-765 Dignissim St.','Bhiwani','Daman and Diu',933726,37,1000000000),(75,'Caesar Jordan','Ap #150-7934 Lorem Ave','Aizwal','Himachal Pradesh',356345,38,1000000000),(76,'Isadora Chen','302 Et, St.','Purnea','Maharastra',739275,67,1000000000),(77,'Amity Whitfield','Ap #737-6529 Adipiscing St.','Dehradun','Gujarat',614715,92,1000000000),(78,'Rachel Duffy','Ap #322-3940 Rutrum Rd.','Daman','Dadra and Nagar Haveli',365470,75,1000000000),(79,'Emily Morton','107 Nulla Rd.','Raj Nandgaon','Nagaland',558020,88,1000000000),(80,'Brittany Golden','600-3659 Urna Av.','Kavaratti','Gujarat',844585,13,1000000000),(81,'Jamalia Buckley','911-7798 Elit. Rd.','Dhanbad','Madhya Pradesh',867143,52,1000000000),(82,'Althea Bond','946-3336 Tincidunt, Av.','Mandasor','Daman and Diu',655814,83,1000000000),(83,'Tanek Mullins','Ap #135-9807 Metus. Road','Pondicherry','Kerala',887248,64,1000000000),(84,'Aileen Hunt','570-6038 Cursus Rd.','Shimla','Nagaland',944708,67,1000000000),(85,'Jonas Crosby','106-7405 Sem Rd.','Yamuna Nagar','Gujarat',643732,22,1000000000),(86,'Aretha Sanford','6413 Nibh. Avenue','Brahmapur','Dadra and Nagar Haveli',349443,64,1000000000),(87,'Abra Morris','709-272 Interdum St.','Dehradun','Manipur',341523,98,1000000000),(88,'Nevada Sanchez','751-2123 Etiam Rd.','Panihati','Uttar Pradesh',497389,38,1000000000),(89,'Keegan Gamble','P.O. Box 391, 1254 Nisi. Avenue','Shimla','Lakshadweep',395853,46,1000000000),(90,'Slade Potts','Ap #626-2094 Rutrum St.','Panjim','Mizoram',791746,75,1000000000),(91,'Clayton Cooper','842-6018 Elit. St.','Shimla','Lakshadweep',466406,85,1000000000),(92,'Mallory Phillips','2723 In Rd.','Murwara','Rajasthan',467173,30,1000000000),(93,'Hadley Norton','5267 Eu, Street','Port Blair','Karnataka',536549,39,1000000000),(94,'Raymond Dejesus','6804 Urna. Av.','Kavaratti','Meghalaya',424258,24,1000000000),(95,'Isabella Booker','123-3398 Nisi. Rd.','Guwahati','Mizoram',380365,34,1000000000),(96,'Kyle Mcconnell','Ap #982-9247 Fermentum Ave','Daman','Andhra Pradesh',355789,72,1000000000),(97,'Axel Brennan','157-8301 A Av.','Panjim','Haryana',881424,13,1000000000),(98,'Kevyn Phelps','531-5194 Semper Avenue','Kavaratti','Himachal Pradesh',638075,82,1000000000),(99,'Julie Christensen','Ap #527-4311 Convallis, Rd.','Aizwal','West Bengal',748825,16,1000000000),(100,'Skyler Duke','Ap #916-3104 Morbi Rd.','Barrackpur','Kerala',933803,11,1000000000);
/*!40000 ALTER TABLE `supplier` ENABLE KEYS */;
UNLOCK TABLES;

--
-- Table structure for table `supplies`
--

DROP TABLE IF EXISTS `supplies`;
/*!40101 SET @saved_cs_client     = @@character_set_client */;
/*!50503 SET character_set_client = utf8mb4 */;
CREATE TABLE `supplies` (
  `SUPP_ID` int DEFAULT NULL,
  `dp_ID` int DEFAULT NULL,
  KEY `dp_ID` (`dp_ID`),
  CONSTRAINT `supplies_ibfk_1` FOREIGN KEY (`dp_ID`) REFERENCES `del_partners` (`dp_ID`)
) ENGINE=InnoDB DEFAULT CHARSET=utf8mb4 COLLATE=utf8mb4_0900_ai_ci;
/*!40101 SET character_set_client = @saved_cs_client */;

--
-- Dumping data for table `supplies`
--

LOCK TABLES `supplies` WRITE;
/*!40000 ALTER TABLE `supplies` DISABLE KEYS */;
INSERT INTO `supplies` VALUES (97,85),(65,65),(10,58),(92,34),(30,34),(3,41),(45,14),(47,55),(7,33),(4,84),(23,84),(5,71),(29,23),(40,77),(98,38),(83,45),(41,24),(64,27),(92,58),(6,17),(67,27),(72,48),(9,53),(58,98),(66,74),(71,33),(76,61),(98,31),(38,34),(85,78),(65,42),(69,43),(11,18),(10,62),(61,93),(65,72),(60,67),(82,33),(30,16),(91,17),(6,84),(5,15),(5,91),(15,80),(73,75),(25,88),(16,89),(96,78),(63,52),(65,32),(57,31),(92,38),(1,40),(4,2),(70,80),(62,53),(45,47),(20,21),(20,41),(20,82),(99,91),(1,91),(87,97),(26,68),(70,43),(5,71),(19,62),(16,85),(61,82),(13,61),(95,92),(39,52),(63,37),(40,24),(68,12),(11,49),(52,43),(20,80),(90,46),(6,86),(92,30),(93,67),(88,26),(75,90),(43,83),(10,89),(89,51),(21,31),(97,58),(30,37),(63,100),(49,56),(49,55),(22,10),(25,90),(6,87),(98,91),(10,91),(32,21),(55,95);
/*!40000 ALTER TABLE `supplies` ENABLE KEYS */;
UNLOCK TABLES;

--
-- Dumping events for database 'kkt_shopking'
--

--
-- Dumping routines for database 'kkt_shopking'
--
/*!40103 SET TIME_ZONE=@OLD_TIME_ZONE */;

/*!40101 SET SQL_MODE=@OLD_SQL_MODE */;
/*!40014 SET FOREIGN_KEY_CHECKS=@OLD_FOREIGN_KEY_CHECKS */;
/*!40014 SET UNIQUE_CHECKS=@OLD_UNIQUE_CHECKS */;
/*!40101 SET CHARACTER_SET_CLIENT=@OLD_CHARACTER_SET_CLIENT */;
/*!40101 SET CHARACTER_SET_RESULTS=@OLD_CHARACTER_SET_RESULTS */;
/*!40101 SET COLLATION_CONNECTION=@OLD_COLLATION_CONNECTION */;
/*!40111 SET SQL_NOTES=@OLD_SQL_NOTES */;

-- Dump completed on 2023-04-22 22:08:53
